2026-08-03 14:32:33,479 | INFO | 📅 Current school year detected: 2026-2027
2026-08-03 14:32:33,481 | INFO | Starting pipeline
2026-08-03 14:32:33,487 | INFO | Crawling: https://fremontunified.org/washington
2026-08-03 14:32:34,932 | INFO | Crawling: https://fremontunified.org/washington/about/welcome
2026-08-03 14:32:36,258 | INFO | Crawling: https://fremontunified.org/washington/about/staff-directory
2026-08-03 14:32:37,675 | INFO | Crawling: https://fremontunified.org/washington/about/office
2026-08-03 14:32:39,547 | INFO | Crawling: https://fremontunified.org/washington/about/policies
2026-08-03 14:32:40,793 | INFO | Crawling: https://fremontunified.org/washington/students-community/student-support
2026-08-03 14:32:42,290 | INFO | Crawling: https://fremontunified.org/washington/students-community/departments
2026-08-03 14:32:43,817 | INFO | Crawling: https://fremontunified.org/washington/students-community/activities-athletics
2026-08-03 14:32:45,423 | INFO | Crawling: https://fremontunified.org/washington/students-community/connections
2026-08-03 14:32:46,689 | INFO | Crawling: https://fremontunified.org/washington/schedule-news/schedule
2026-08-03 14:32:48,248 | INFO | Crawling: https://fremontunified.org/washington/schedule-news/calendar
2026-08-03 14:32:49,806 | INFO | Crawling: https://fremontunified.org/washington/schedule-news/news
2026-08-03 14:32:51,101 | INFO | Crawling: https://fremontunified.org/washington/schedule-news/events
2026-08-03 14:32:52,665 | INFO | Crawling: https://fremontunified.org/meals
2026-08-03 14:32:54,627 | INFO | Crawling: https://fremontunified.org
2026-08-03 14:32:55,269 | INFO | Crawling: https://fremontunified.org/about/instructional-services/preschool
2026-08-03 14:32:57,113 | INFO | Crawling: https://fremontunified.org/about/instructional-services/federal-state-programs/dual-immersion
2026-08-03 14:32:58,763 | INFO | Crawling: https://fremontunified.org/about/departments/instructional-services-overview/special-education-dept/extended-school-year-summer-school-information
2026-08-03 14:33:00,606 | INFO | Crawling: https://fremontunified.org/about/schools
2026-08-03 14:33:02,429 | INFO | Crawling: https://fremontunified.org/washington/about/office/registration-overview
2026-08-03 14:33:04,597 | INFO | Crawling: https://fremontunified.org/washington/news/whs-maze-day-packet-2026-2027
2026-08-03 14:33:06,510 | INFO | Crawling: https://fremontunified.org/washington/news/mission-san-jose-wins-national-science-bowl-championship
2026-08-03 14:33:07,711 | INFO | Crawling: https://fremontunified.org/washington/news/prom-last-day-to-buy-tickets-is-april-24
2026-08-03 14:33:09,411 | INFO | Crawling: https://fremontunified.org/students-community/connections
2026-08-03 14:33:11,038 | INFO | Crawling: https://fremontunified.org/washington/about
2026-08-03 14:33:12,490 | INFO | Crawling: https://fremontunified.org/washington/about/welcome/principals-message
2026-08-03 14:33:14,280 | INFO | Crawling: https://fremontunified.org/washington/about/welcome/our-history
2026-08-03 14:33:15,711 | INFO | Crawling: https://fremontunified.org/washington/about/registration-overview
2026-08-03 14:33:17,308 | INFO | Crawling: https://fremontunified.org/washington/about/policies/attendance-tardy-detention-policies
2026-08-03 14:33:19,193 | INFO | Crawling: https://fremontunified.org/washington/students-community/student-support/counseling-overview
2026-08-03 14:33:21,873 | INFO | Crawling: https://fremontunified.org/washington/students-community/student-support/college-and-career-resource-center
2026-08-03 14:33:23,754 | INFO | Crawling: https://fremontunified.org/about/instructional-services/student-support-services/families-in-need/lgbtq-support-contacts
2026-08-03 14:33:25,502 | INFO | Crawling: https://fremontunified.org/washington/wp-content/uploads/sites/8/2023/09/WHS-Map.pdf
2026-08-03 14:33:26,190 | INFO | Crawling: https://fremontunified.org/washington/about/policies/flex-period
2026-08-03 14:33:27,995 | INFO | Crawling: https://fremontunified.org/washington/about/policies/maze-day
2026-08-03 14:33:29,800 | INFO | Crawling: https://fremontunified.org/washington/about/policies/cell-phone-usage
2026-08-03 14:33:31,208 | INFO | Crawling: https://fremontunified.org/washington/about/policies/inifinite-campus-parent-app
2026-08-03 14:33:32,853 | INFO | Crawling: https://fremontunified.org/washington/about/policies/student-debt
2026-08-03 14:33:34,555 | INFO | Crawling: https://fremontunified.org/washington/about/policies/parking-on-campus
2026-08-03 14:33:36,101 | INFO | Crawling: https://fremontunified.org/washington/about/policies/fremont-unified-lunches
2026-08-03 14:33:37,969 | INFO | Crawling: https://fremontunified.org/students-community/support/parent-student-handbook
2026-08-03 14:33:39,251 | INFO | Crawling: https://fremontunified.org/about/instructional-services/student-support-services/health-services-overview/health-topics-overview/covid-19-overview
2026-08-03 14:33:40,623 | INFO | Crawling: https://fremontunified.org/washington/wp-content/uploads/sites/8/2023/09/23-24-Handbook.pdf
2026-08-03 14:33:41,466 | INFO | Crawling: https://fremontunified.org/washington/daily-bulletin
2026-08-03 14:33:42,551 | ERROR | Failed request: https://fremontunified.org/washington/daily-bulletin -> Client error '404 Not Found' for url 'https://fremontunified.org/washington/daily-bulletin'
For more information check: https://developer.mozilla.org/en-US/docs/Web/HTTP/Status/404
2026-08-03 14:33:42,551 | INFO | Crawling: https://fremontunified.org/washington/students-community
2026-08-03 14:33:44,529 | INFO | Crawling: https://fremontunified.org/washington/students-community/student-support/washington-school-profile
2026-08-03 14:33:46,003 | INFO | Crawling: https://fremontunified.org/washington/students-community/student-support/college-and-career-resource-center/announcements-whs-college-and-career-center
2026-08-03 14:33:47,491 | INFO | Crawling: https://fremontunified.org/washington/students-community/student-support/college-and-career-resource-center/college-applications-platforms
2026-08-03 14:33:50,452 | INFO | Crawling: https://fremontunified.org/washington/students-community/student-support/college-and-career-resource-center/financial-aid-for-college
2026-08-03 14:33:52,449 | INFO | Crawling: https://fremontunified.org/washington/students-community/student-support/college-and-career-resource-center/financial-aid-for-college/scholarships-to-apply-for
2026-08-03 14:33:53,693 | INFO | Crawling: https://fremontunified.org/washington/students-community/student-support/college-and-career-resource-center/financial-aid-for-college/scholarships-what-you-need-to-know
2026-08-03 14:33:55,120 | INFO | Crawling: https://fremontunified.org/washington/students-community/student-support/college-and-career-resource-center/career-exploration-apprenticeships-and-jobs
2026-08-03 14:33:56,437 | INFO | Crawling: https://fremontunified.org/washington/students-community/student-support/college-and-career-resource-center/college-admission-and-research
2026-08-03 14:33:57,807 | INFO | Crawling: https://fremontunified.org/washington/students-community/student-support/college-and-career-resource-center/college-athletics
2026-08-03 14:33:59,492 | INFO | Crawling: https://fremontunified.org/washington/students-community/student-support/college-and-career-resource-center/community-college-and-junior-transfers
2026-08-03 14:34:00,859 | INFO | Crawling: https://fremontunified.org/washington/students-community/student-support/college-and-career-resource-center/fairs-speakers-and-workshops
2026-08-03 14:34:02,049 | INFO | Crawling: https://fremontunified.org/washington/students-community/student-support/college-and-career-resource-center/mvrop-career-technical-education
2026-08-03 14:34:03,454 | INFO | Crawling: https://fremontunified.org/washington/students-community/student-support/college-and-career-resource-center/ohlone-college-a-ccc-and-concurrent-enrollment
2026-08-03 14:34:05,302 | INFO | Crawling: https://fremontunified.org/washington/students-community/student-support/college-and-career-resource-center/program-major-and-career-spotlights
2026-08-03 14:34:07,130 | INFO | Crawling: https://fremontunified.org/washington/students-community/student-support/college-and-career-resource-center/senior-awards-night
2026-08-03 14:34:10,058 | INFO | Crawling: https://fremontunified.org/washington/students-community/student-support/college-and-career-resource-center/summer-year-round-programs-internships-volunteer-work-opportunities
2026-08-03 14:34:11,698 | INFO | Crawling: https://fremontunified.org/washington/students-community/student-support/college-and-career-resource-center/undocumented-students-foster-youth-and-visa-holders
2026-08-03 14:34:14,302 | INFO | Crawling: https://fremontunified.org/washington/students-community/student-support/college-and-career-resource-center/u-s-military-and-selective-service
2026-08-03 14:34:16,091 | INFO | Crawling: https://fremontunified.org/washington/students-community/student-support/college-and-career-resource-center/work-permits-for-students
2026-08-03 14:34:17,606 | INFO | Crawling: https://fremontunified.org/washington/students-community/student-support/community-service-learning-deadlines
2026-08-03 14:34:19,114 | INFO | Crawling: https://fremontunified.org/washington/students-community/student-support/community-service-learning-deadlines/opportunities-for-community-service
2026-08-03 14:34:20,457 | INFO | Crawling: https://fremontunified.org/washington/students-community/student-support/community-service-learning-deadlines/community-service-hours-verification-form
2026-08-03 14:34:21,974 | INFO | Crawling: https://fremontunified.org/washington/students-community/student-support/link-crew
2026-08-03 14:34:23,185 | INFO | Crawling: https://fremontunified.org/washington/students-community/student-support/yearbook-promo-video
2026-08-03 14:34:24,890 | INFO | Crawling: https://fremontunified.org/washington/students-community/student-support/gate-honors-information-ap-courses
2026-08-03 14:34:26,602 | INFO | Crawling: https://fremontunified.org/washington/students-community/student-support/school-resource-officer-sro-program
2026-08-03 14:34:28,350 | INFO | Crawling: https://fremontunified.org/washington/students-community/student-support/peer-resource
2026-08-03 14:34:29,570 | INFO | Crawling: https://fremontunified.org/washington/students-community/student-support/making-up-homework
2026-08-03 14:34:31,280 | INFO | Crawling: https://fremontunified.org/washington/students-community/student-support/tutoring
2026-08-03 14:34:33,166 | INFO | Crawling: https://fremontunified.org/washington/students-community/student-support/study-skills-and-cornell-notes
2026-08-03 14:34:34,734 | INFO | Crawling: https://fremontunified.org/washington/students-community/student-support/test-taking-strategies
2026-08-03 14:34:36,036 | INFO | Crawling: https://fremontunified.org/washington/student-and-parent-links/attendance-tardy-detention-policies
2026-08-03 14:34:37,662 | INFO | Crawling: https://fremontunified.org/washington/departments-overview/community-service-learning-deadlines/opportunities-for-community-service
2026-08-03 14:34:38,843 | INFO | Crawling: https://fremontunified.org/washington/departments-overview/community-service-learning-deadlines/community-service-hours-verification-form
2026-08-03 14:34:40,343 | INFO | Crawling: https://fremontunified.org/washington/student-and-parent-links/gate-honors-information-ap-courses
2026-08-03 14:34:41,557 | INFO | Crawling: https://fremontunified.org/washington/student-and-parent-links/link-crew
2026-08-03 14:34:43,362 | INFO | Crawling: https://fremontunified.org/washington/student-and-parent-links/parking-on-campus
2026-08-03 14:34:44,563 | INFO | Crawling: https://fremontunified.org/washington/student-and-parent-links/cell-phone-usage
2026-08-03 14:34:46,342 | INFO | Crawling: https://fremontunified.org/washington/student-and-parent-links/fremont-unified-lunches
2026-08-03 14:34:47,574 | INFO | Crawling: https://fremontunified.org/washington/student-and-parent-links/yearbook-promo-video
2026-08-03 14:34:48,854 | INFO | Crawling: https://fremontunified.org/washington/student-and-parent-links/student-debt
2026-08-03 14:34:50,668 | INFO | Crawling: https://fremontunified.org/washington/departments-overview/multimedia-art-academy
2026-08-03 14:34:51,986 | INFO | Crawling: https://fremontunified.org/washington/students-community/activities-athletics/athletics
2026-08-03 14:34:53,139 | INFO | Crawling: https://fremontunified.org/washington/departments-overview/avid
2026-08-03 14:34:54,927 | INFO | Crawling: https://fremontunified.org/washington/student-and-parent-links/peer-resource
2026-08-03 14:34:56,481 | INFO | Crawling: https://fremontunified.org/washington/student-and-parent-links/committees
2026-08-03 14:34:58,121 | INFO | Crawling: https://fremontunified.org/washington/student-and-parent-links/school-site-council
2026-08-03 14:34:59,816 | INFO | Crawling: https://fremontunified.org/washington/student-and-parent-links/alumni
2026-08-03 14:35:01,614 | INFO | Crawling: https://fremontunified.org/washington/students-community/departments/student-newspaper-of-washington-high-school
2026-08-03 14:35:02,938 | INFO | Crawling: https://fremontunified.org/washington/students-community/departments/rop-at-washington
2026-08-03 14:35:04,862 | INFO | Crawling: https://fremontunified.org/washington/students-community/departments/rop-at-washington/auto-shop
2026-08-03 14:35:06,167 | INFO | Crawling: https://fremontunified.org/washington/students-community/departments/business
2026-08-03 14:35:07,573 | INFO | Crawling: https://fremontunified.org/washington/students-community/departments/english
2026-08-03 14:35:09,100 | INFO | Crawling: https://fremontunified.org/washington/students-community/departments/english-language-development
2026-08-03 14:35:10,318 | INFO | Crawling: https://fremontunified.org/washington/students-community/departments/fine-arts
2026-08-03 14:35:11,900 | INFO | Crawling: https://fremontunified.org/washington/students-community/departments/fine-arts/music
2026-08-03 14:35:13,426 | INFO | Crawling: https://fremontunified.org/washington/students-community/departments/health
2026-08-03 14:35:14,654 | INFO | Crawling: https://fremontunified.org/washington/students-community/departments/mathematics
2026-08-03 14:35:16,400 | INFO | Crawling: https://fremontunified.org/washington/students-community/departments/physical-education
2026-08-03 14:35:18,220 | INFO | Crawling: https://fremontunified.org/washington/students-community/departments/science
2026-08-03 14:35:19,860 | INFO | Crawling: https://fremontunified.org/washington/students-community/departments/social-science
2026-08-03 14:35:21,401 | INFO | Crawling: https://fremontunified.org/washington/students-community/departments/special-education
2026-08-03 14:35:23,168 | INFO | Crawling: https://fremontunified.org/washington/students-community/departments/avid
2026-08-03 14:35:24,564 | INFO | Crawling: https://fremontunified.org/washington/students-community/departments/multimedia-art-academy
2026-08-03 14:35:25,972 | INFO | Crawling: https://fremontunified.org/washington/students-community/departments/world-languages
2026-08-03 14:35:27,264 | INFO | Crawling: https://fremontunified.org/washington/students-community/departments/world-languages/spanish
2026-08-03 14:35:29,044 | INFO | Crawling: https://fremontunified.org/washington/students-community/departments/world-languages/chinese
2026-08-03 14:35:30,746 | INFO | Crawling: https://fremontunified.org/washington/students-community/departments/world-languages/french
2026-08-03 14:35:32,472 | INFO | Crawling: https://fremontunified.org/washington/students-community/activities-athletics/athletics/athletic-participation-forms
2026-08-03 14:35:33,872 | INFO | Crawling: https://fremontunified.org/washington/students-community/activities-athletics/athletics/athletic-directors-contact-info
2026-08-03 14:35:35,441 | INFO | Crawling: https://fremontunified.org/washington/students-community/activities-athletics/athletics/eligibility-mval-ncaa
2026-08-03 14:35:37,103 | INFO | Crawling: https://fremontunified.org/washington/students-community/activities-athletics/athletics/forms-coaches-volunteers-clubs
2026-08-03 14:35:38,567 | INFO | Crawling: https://fremontunified.org/washington/students-community/activities-athletics/athletics/open-coaching-positions
2026-08-03 14:35:40,200 | INFO | Crawling: https://fremontunified.org/washington/students-community/activities-athletics/athletics/transfer-info
2026-08-03 14:35:41,538 | INFO | Crawling: https://fremontunified.org/washington/students-community/activities-athletics/athletics/letterman-jacket-info
2026-08-03 14:35:42,861 | INFO | Crawling: https://fremontunified.org/washington/students-community/activities-athletics/athletics/white-sweater-award
2026-08-03 14:35:44,423 | INFO | Crawling: https://fremontunified.org/washington/students-community/activities-athletics/athletics/whs-boosters
2026-08-03 14:35:45,631 | INFO | Crawling: https://fremontunified.org/washington/students-community/activities-athletics/athletics/baseball
2026-08-03 14:35:47,461 | INFO | Crawling: https://fremontunified.org/washington/students-community/activities-athletics/athletics/badminton
2026-08-03 14:35:48,903 | INFO | Crawling: https://fremontunified.org/washington/students-community/activities-athletics/athletics/basketball-boys
2026-08-03 14:35:50,596 | INFO | Crawling: https://fremontunified.org/washington/students-community/activities-athletics/athletics/basketball-girls
2026-08-03 14:35:52,208 | INFO | Crawling: https://fremontunified.org/washington/students-community/activities-athletics/athletics/cheerleading-all-seasons
2026-08-03 14:35:54,025 | INFO | Crawling: https://fremontunified.org/washington/students-community/activities-athletics/athletics/cross-country
2026-08-03 14:35:55,824 | INFO | Crawling: https://fremontunified.org/washington/students-community/activities-athletics/athletics/football
2026-08-03 14:35:57,259 | INFO | Crawling: https://fremontunified.org/washington/students-community/activities-athletics/athletics/golf
2026-08-03 14:35:59,153 | INFO | Crawling: https://fremontunified.org/washington/students-community/activities-athletics/athletics/golf-girls
2026-08-03 14:36:00,408 | INFO | Crawling: https://fremontunified.org/washington/students-community/activities-athletics/athletics/lacrosse
2026-08-03 14:36:01,568 | INFO | Crawling: https://fremontunified.org/washington/students-community/activities-athletics/athletics/soccer-boys
2026-08-03 14:36:02,979 | INFO | Crawling: https://fremontunified.org/washington/students-community/activities-athletics/athletics/soccer-girls
2026-08-03 14:36:04,320 | INFO | Crawling: https://fremontunified.org/washington/students-community/activities-athletics/athletics/softball
2026-08-03 14:36:05,569 | INFO | Crawling: https://fremontunified.org/washington/students-community/activities-athletics/athletics/swimming
2026-08-03 14:36:07,573 | INFO | Crawling: https://fremontunified.org/washington/students-community/activities-athletics/athletics/tennis-boys
2026-08-03 14:36:08,733 | INFO | Crawling: https://fremontunified.org/washington/students-community/activities-athletics/athletics/tennis-girls
2026-08-03 14:36:10,119 | INFO | Crawling: https://fremontunified.org/washington/students-community/activities-athletics/athletics/track-field
2026-08-03 14:36:11,926 | INFO | Crawling: https://fremontunified.org/washington/students-community/activities-athletics/athletics/volleyball-boys
2026-08-03 14:36:13,797 | INFO | Crawling: https://fremontunified.org/washington/students-community/activities-athletics/athletics/volleyball-girls
2026-08-03 14:36:15,357 | INFO | Crawling: https://fremontunified.org/washington/students-community/activities-athletics/athletics/water-polo
2026-08-03 14:36:17,093 | INFO | Crawling: https://fremontunified.org/washington/students-community/activities-athletics/athletics/wrestling
2026-08-03 14:36:18,684 | INFO | Crawling: https://fremontunified.org/washington/students-community/activities-athletics/activities-leadership-asb/clubs-info
2026-08-03 14:36:19,976 | INFO | Crawling: https://fremontunified.org/washington/students-community/connections/title-i-program
2026-08-03 14:36:21,551 | INFO | Crawling: https://fremontunified.org/washington/students-community/connections/committees
2026-08-03 14:36:23,395 | INFO | Crawling: https://fremontunified.org/washington/students-community/connections/school-site-council
2026-08-03 14:36:25,064 | INFO | Crawling: https://fremontunified.org/washington/students-community/connections/english-learner-advisory-committee-elac
2026-08-03 14:36:26,847 | INFO | Crawling: https://fremontunified.org/washington/students-community/connections/english-learner-advisory-committee-elac/elac-meeting-notes-notas-de-la-reunion
2026-08-03 14:36:28,007 | INFO | Crawling: https://fremontunified.org/washington/students-community/connections/alumni
2026-08-03 14:36:29,434 | INFO | Crawling: https://fremontunified.org/washington/students-community/connections/donate-to-washington
2026-08-03 14:36:31,785 | INFO | Crawling: https://fremontunified.org/washington/schedule-news
2026-08-03 14:36:33,046 | INFO | Crawling: https://fremontunified.org/washington/schedule-news/news/paged-3/2
2026-08-03 14:36:34,885 | INFO | Crawling: https://fremontunified.org/washington/schedule-news/news/paged-3/3
2026-08-03 14:36:36,852 | INFO | Crawling: https://fremontunified.org/washington/schedule-news/news/paged-3/18
2026-08-03 14:36:39,184 | INFO | Crawling: https://fremontunified.org/washington/schedule-news/events/past-events
2026-08-03 14:36:40,885 | INFO | Crawling: https://fremontunified.org/about/welcome
2026-08-03 14:36:42,218 | INFO | Crawling: https://fremontunified.org/about/board
2026-08-03 14:36:44,291 | INFO | Crawling: https://fremontunified.org/about/departments
2026-08-03 14:36:46,169 | INFO | Crawling: https://fremontunified.org/students-community/support
2026-08-03 14:36:47,923 | INFO | Crawling: https://fremontunified.org/students-community/connections/committees
2026-08-03 14:36:49,533 | INFO | Crawling: https://fremontunified.org/about/human-resources/employee-resources
2026-08-03 14:36:51,600 | INFO | Crawling: https://fremontunified.org/about/sped-student-support/student-support-services/mental-health-overview
2026-08-03 14:36:53,082 | INFO | Crawling: https://fremontunified.org/about/welcome/location-contacts
2026-08-03 14:36:54,810 | INFO | Crawling: https://fremontunified.org/students-community/careers
2026-08-03 14:36:56,272 | INFO | Crawling: https://fremontunified.org/students-community/support/infinite-campus-faqs
2026-08-03 14:36:57,698 | ERROR | Failed request: https://fremontunified.org/students-community/support/infinite-campus-faqs -> Client error '404 Not Found' for url 'https://fremontunified.org/students-community/support/infinite-campus-faqs'
For more information check: https://developer.mozilla.org/en-US/docs/Web/HTTP/Status/404
2026-08-03 14:36:57,699 | INFO | Crawling: https://fremontunified.org/about/instructional-services/student-support-services/enrollment-registration
2026-08-03 14:36:59,085 | INFO | Crawling: https://fremontunified.org/students-community/support/portals
2026-08-03 14:37:01,032 | INFO | Crawling: https://fremontunified.org/about/superintendent/immigrant-families
2026-08-03 14:37:03,066 | INFO | Crawling: https://fremontunified.org/about
2026-08-03 14:37:05,042 | INFO | Crawling: https://fremontunified.org/about/instructional-services
2026-08-03 14:37:07,022 | INFO | Crawling: https://fremontunified.org/about/instructional-services/elementary-education
2026-08-03 14:37:09,054 | INFO | Crawling: https://fremontunified.org/about/instructional-services/secondary-education
2026-08-03 14:37:11,149 | INFO | Crawling: https://fremontunified.org/about/instructional-services/curriculum-instruction
2026-08-03 14:37:13,238 | INFO | Crawling: https://fremontunified.org/about/instructional-services/federal-state-programs
2026-08-03 14:37:14,737 | INFO | Crawling: https://fremontunified.org/about/instructional-services/assessment-accountability
2026-08-03 14:37:16,600 | INFO | Crawling: https://fremontunified.org/about/instructional-services/preschool/preschool-bell-schedule
2026-08-03 14:37:18,127 | INFO | Crawling: https://fremontunified.org/about/instructional-services/extended-school-year-summer-school-information
2026-08-03 14:37:20,175 | INFO | Crawling: https://fremontunified.org/about/instructional-services/federal-state-programs/federal-state-programs-staff-contacts
2026-08-03 14:37:21,747 | INFO | Crawling: https://fremontunified.org/about/instructional-services/federal-state-programs/multilingual-learners
2026-08-03 14:37:23,688 | INFO | Crawling: https://fremontunified.org/about/instructional-services/federal-state-programs/elop
2026-08-03 14:37:25,874 | INFO | Crawling: https://fremontunified.org/about/instructional-services/federal-state-programs/dual-immersion/dual-immersion-enrollment-process
2026-08-03 14:37:27,467 | INFO | Crawling: https://fremontunified.org/about/instructional-services/federal-state-programs/dual-immersion/immersion-parent-resources
2026-08-03 14:37:29,399 | INFO | Crawling: https://fremontunified.org/about/instructional-services/federal-state-programs/parent-and-family-engagement
2026-08-03 14:37:31,494 | INFO | Crawling: https://fremontunified.org/about/instructional-services/federal-state-programs/migrant-education
2026-08-03 14:37:33,102 | INFO | Crawling: https://fremontunified.org/about/instructional-services/federal-state-programs/title1
2026-08-03 14:37:35,189 | INFO | Crawling: https://fremontunified.org/about/instructional-services/federal-state-programs/teacher-induction-program
2026-08-03 14:37:36,613 | INFO | Crawling: https://fremontunified.org/about/instructional-services/federal-state-programs/nasp-program-information
2026-08-03 14:37:38,343 | INFO | Crawling: https://fremontunified.org/about/schools/mascots
2026-08-03 14:37:39,774 | INFO | Crawling: https://fremontunified.org/about/superintendent
2026-08-03 14:37:41,594 | INFO | Crawling: https://fremontunified.org/about/sped-student-support
2026-08-03 14:37:43,690 | INFO | Crawling: https://fremontunified.org/about/business-services
2026-08-03 14:37:45,053 | INFO | Crawling: https://fremontunified.org/about/operations
2026-08-03 14:37:46,999 | INFO | Crawling: https://fremontunified.org/about/human-resources
2026-08-03 14:37:48,479 | INFO | Crawling: https://fremontunified.org/washington/about/registration-overview/registration-materials-and-information
2026-08-03 14:37:49,916 | INFO | Crawling: https://fremontunified.org/washington/about/registration-overview/transcript-information
2026-08-03 14:37:51,866 | INFO | Crawling: https://fremontunified.org/washington/about/registration-overview/education-verification-information
2026-08-03 14:37:53,261 | INFO | Crawling: https://fremontunified.org/washington/about/registration-overview/withdrawal-information
2026-08-03 14:37:54,869 | INFO | Crawling: https://fremontunified.org/washington/about/registration-overview/alumni-high-school-diploma
2026-08-03 14:37:56,025 | INFO | Crawling: https://fremontunified.org/about/sped-student-support/student-support-services/enrollment-registration
2026-08-03 14:37:57,844 | INFO | Crawling: https://fremontunified.org/about/departments/instructional-services-overview/student-support-services-dept/enrollment-registration/immunization-requirements
2026-08-03 14:37:59,508 | INFO | Crawling: https://fremontunified.org/washington/category/news
2026-08-03 14:38:01,391 | INFO | Crawling: https://fremontunified.org/washington/category/in-the-news
2026-08-03 14:38:02,893 | INFO | Crawling: https://fremontunified.org/students-community
2026-08-03 14:38:04,223 | INFO | Crawling: https://fremontunified.org/students-community/connections/committees/join-committee
2026-08-03 14:38:06,120 | INFO | Crawling: https://fremontunified.org/students-community/connections/committees/public-participation
2026-08-03 14:38:07,392 | INFO | Crawling: https://fremontunified.org/students-community/connections/committees/bfaac
2026-08-03 14:38:09,156 | INFO | Crawling: https://fremontunified.org/students-community/connections/committees/cboc
2026-08-03 14:38:10,541 | INFO | Crawling: https://fremontunified.org/students-community/connections/committees/fac
2026-08-03 14:38:12,224 | INFO | Crawling: https://fremontunified.org/about/board/fusd-city-council-meetings
2026-08-03 14:38:13,991 | INFO | Crawling: https://fremontunified.org/students-community/connections/committees/lcaac
2026-08-03 14:38:15,362 | INFO | Crawling: https://fremontunified.org/students-community/connections/committees/wellness
2026-08-03 14:38:17,436 | INFO | Crawling: https://fremontunified.org/students-community/connections/committees/superintendent
2026-08-03 14:38:18,800 | INFO | Crawling: https://fremontunified.org/students-community/connections/committees/superintendent/aapac
2026-08-03 14:38:20,508 | INFO | Crawling: https://fremontunified.org/students-community/connections/committees/superintendent/ciac
2026-08-03 14:38:21,901 | INFO | Crawling: https://fremontunified.org/students-community/connections/committees/superintendent/equity
2026-08-03 14:38:23,743 | INFO | Crawling: https://fremontunified.org/about/instructional-services/special-education/special-education-district-advisory-committee-overview
2026-08-03 14:38:26,233 | INFO | Crawling: https://fremontunified.org/students-community/connections/committees/superintendent/smh
2026-08-03 14:38:27,696 | INFO | Crawling: https://fremontunified.org/students-community/connections/committees/superintendent/tic
2026-08-03 14:38:29,236 | INFO | Crawling: https://fremontunified.org/students-community/connections/committees/interagency
2026-08-03 14:38:30,623 | INFO | Crawling: https://fremontunified.org/about/instructional-services/federal-state-programs/multilingual-learners/delac-overview
2026-08-03 14:38:32,668 | INFO | Crawling: https://fremontunified.org/students-community/connections/committees/interagency/mip-sdi-task-force
2026-08-03 14:38:34,655 | INFO | Crawling: https://fremontunified.org/students-community/connections/committees/archive
2026-08-03 14:38:36,580 | INFO | Crawling: https://fremontunified.org/students-community/connections/committees/archive/renaming-valhalla-theater
2026-08-03 14:38:37,995 | INFO | Crawling: https://fremontunified.org/students-community/connections/committees/archive/measure-i-committee
2026-08-03 14:38:39,559 | INFO | Crawling: https://fremontunified.org/students-community/connections/committees/archive/7-11-committee-overview
2026-08-03 14:38:41,211 | INFO | Crawling: https://fremontunified.org/students-community/connections/committees/archive/7-11-committee-overview/community-forums
2026-08-03 14:38:42,731 | INFO | Crawling: https://fremontunified.org/students-community/connections/committees/archive/closed-comprehensive-health-puberty-and-sexuality-education-task-force
2026-08-03 14:38:44,125 | INFO | Crawling: https://fremontunified.org/students-community/connections/volunteer-opportunities
2026-08-03 14:38:45,444 | INFO | Crawling: https://fremontunified.org/students-community/connections/giving-to-fusd
2026-08-03 14:38:47,560 | INFO | Crawling: https://fremontunified.org/students-community/connections/maintaining-excellent
2026-08-03 14:38:48,976 | INFO | Crawling: https://fremontunified.org/about/superintendent/public-information/channels-content/flyer-distribution-peachjar
2026-08-03 14:38:50,680 | INFO | Crawling: https://fremontunified.org/about/business-services/accounting-services/community-services-dept-facility-use-rentals
2026-08-03 14:38:52,594 | INFO | Crawling: https://fremontunified.org/washington/departments-overview/whs-college-and-career-resource-center-homepage/work-permits-for-students
2026-08-03 14:38:53,761 | INFO | Crawling: https://fremontunified.org/washington/departments-overview/whs-college-and-career-resource-center-homepage/mvrop-career-technical-education
2026-08-03 14:38:55,221 | INFO | Crawling: https://fremontunified.org/washington/departments-overview/whs-college-and-career-resource-center-homepage/financial-aid-for-college/scholarships-what-you-need-to-know
2026-08-03 14:38:56,716 | INFO | Crawling: https://fremontunified.org/washington/departments-overview/whs-college-and-career-resource-center-homepage/summer-year-round-programs-internships-volunteer-work-opportunities
2026-08-03 14:38:58,397 | INFO | Crawling: https://fremontunified.org/washington/departments-overview/whs-college-and-career-resource-center-homepage/u-s-military-and-selective-service
2026-08-03 14:39:00,219 | INFO | Crawling: https://fremontunified.org/washington/departments-overview/athletics-overview/eligibility-mval-ncaa
2026-08-03 14:39:01,713 | INFO | Crawling: https://fremontunified.org/about/sped-student-support/student-support-services
2026-08-03 14:39:03,468 | INFO | Crawling: https://fremontunified.org/about/sped-student-support/student-support-services/families-in-need
2026-08-03 14:39:05,747 | INFO | Crawling: https://fremontunified.org/about/sped-student-support/student-support-services/families-in-need/income-tax-filing-assistance-fremont-vita
2026-08-03 14:39:07,143 | INFO | Crawling: https://fremontunified.org/about/sped-student-support/student-support-services/families-in-need/homeless-and-foster-youth-support-mckinney-vento-act
2026-08-03 14:39:08,633 | INFO | Crawling: https://fremontunified.org/about/sped-student-support/student-support-services/families-in-need/lgbtq-support-contacts
2026-08-03 14:39:10,064 | INFO | Crawling: https://fremontunified.org/about/sped-student-support/student-support-services/families-in-need/date-safe-safe-alternatives-to-violent-environments
2026-08-03 14:39:12,050 | INFO | Crawling: https://fremontunified.org/about/sped-student-support/student-support-services/families-in-need/resources-to-help-prevent-bullying
2026-08-03 14:39:13,971 | INFO | Crawling: https://fremontunified.org/about/sped-student-support/student-support-services/families-in-need/drug-information
2026-08-03 14:39:15,867 | INFO | Crawling: https://fremontunified.org/about/sped-student-support/student-support-services/families-in-need/resources-to-help-prevent-human-trafficking
2026-08-03 14:39:17,905 | INFO | Crawling: https://fremontunified.org/about/sped-student-support/student-support-services/families-in-need/basic-needs-food-financial-shelter-medical-others
2026-08-03 14:39:19,937 | INFO | Crawling: https://fremontunified.org/about/instructional-services/student-support-services/families-in-need/wstallworth@fusdk12.net
2026-08-03 14:39:21,466 | ERROR | Failed request: https://fremontunified.org/about/instructional-services/student-support-services/families-in-need/wstallworth@fusdk12.net -> Client error '404 Not Found' for url 'https://fremontunified.org/about/instructional-services/student-support-services/families-in-need/wstallworth@fusdk12.net'
For more information check: https://developer.mozilla.org/en-US/docs/Web/HTTP/Status/404
2026-08-03 14:39:21,467 | INFO | Crawling: https://fremontunified.org/about/instructional-services/student-support-services/mental-health-overview
2026-08-03 14:39:23,497 | INFO | Crawling: https://fremontunified.org/students-community/support/parent-student-handbook/parent-guardian-student-handbook-chinese
2026-08-03 14:39:25,590 | INFO | Crawling: https://fremontunified.org/students-community/support/ac-transit-information
2026-08-03 14:39:27,535 | INFO | Crawling: https://fremontunified.org/students-community/support/parent-student-handbook/parent-guardian-student-handbook-spanish
2026-08-03 14:39:28,863 | ERROR | Failed request: https://fremontunified.org/students-community/support/parent-student-handbook/parent-guardian-student-handbook-spanish -> Client error '404 Not Found' for url 'https://fremontunified.org/students-community/support/parent-student-handbook/parent-guardian-student-handbook-spanish'
For more information check: https://developer.mozilla.org/en-US/docs/Web/HTTP/Status/404
2026-08-03 14:39:28,863 | INFO | Crawling: https://fremontunified.org/about/sped-student-support/student-support-services/health-services-overview
2026-08-03 14:39:30,305 | INFO | Crawling: https://fremontunified.org/about/sped-student-support/student-support-services/health-services-overview/health-topics-overview
2026-08-03 14:39:32,099 | INFO | Crawling: https://fremontunified.org/about/sped-student-support/student-support-services/health-services-overview/health-topics-overview/covid-19-overview
2026-08-03 14:39:33,869 | INFO | Crawling: https://fremontunified.org/washington/wp-content/uploads/sites/8/2025/10/Washington-2025-2026-School-Profile.pdf
2026-08-03 14:39:35,112 | INFO | Crawling: https://fremontunified.org/washington/wp-content/uploads/sites/8/2025/10/Washington-2024-2025-School-Profile.pdf
2026-08-03 14:39:36,046 | INFO | Crawling: https://fremontunified.org/washington/wp-content/uploads/sites/8/2025/10/Washington-2023-2024-School-Profile.pdf
2026-08-03 14:39:36,746 | INFO | Crawling: https://fremontunified.org/washington/wp-content/uploads/sites/8/2025/10/Washington-2022-2023-School-Profile.pdf
2026-08-03 14:39:37,876 | INFO | Crawling: https://fremontunified.org/about/instructional-services/assessment-accountability/psat-sat
2026-08-03 14:39:39,772 | INFO | Crawling: https://fremontunified.org/washington/departments/athletics/eligibility-mval-ncaa
2026-08-03 14:39:41,284 | INFO | Crawling: https://fremontunified.org/washington/students-community/student-support/college-and-career-resource-center/valdez@fusdk12.net
2026-08-03 14:39:42,282 | ERROR | Failed request: https://fremontunified.org/washington/students-community/student-support/college-and-career-resource-center/valdez@fusdk12.net -> Client error '404 Not Found' for url 'https://fremontunified.org/washington/students-community/student-support/college-and-career-resource-center/valdez@fusdk12.net'
For more information check: https://developer.mozilla.org/en-US/docs/Web/HTTP/Status/404
2026-08-03 14:39:42,283 | INFO | Crawling: https://fremontunified.org/about/instructional-services/secondary-education/transcripts-work-permits
2026-08-03 14:39:44,243 | INFO | Crawling: https://fremontunified.org/about/instructional-services/elementary-education/gate-overview
2026-08-03 14:39:46,223 | INFO | Crawling: https://fremontunified.org/washington/schedule-news/news/paged-3/4
2026-08-03 14:39:48,332 | INFO | Crawling: https://fremontunified.org/washington/schedule-news/news/paged-3/5
2026-08-03 14:39:50,290 | INFO | Crawling: https://fremontunified.org/washington/uncategorized/public-review-feedback-welcome-chemistry-in-the-earth-system-ci-initiatives
2026-08-03 14:39:52,385 | INFO | Crawling: https://fremontunified.org/washington/uncategorized/video-college-information-night-noche-de-informacion-universitaria-%e5%a4%a7%e5%ad%b8%e8%b3%87%e8%a8%8a%e5%a4%9c
2026-08-03 14:39:53,914 | INFO | Crawling: https://fremontunified.org/washington/uncategorized/student-meals-in-2022-23
2026-08-03 14:39:55,051 | INFO | Crawling: https://fremontunified.org/washington/uncategorized/football-team-fundraiser-at-mod-pizza
2026-08-03 14:39:56,589 | INFO | Crawling: https://fremontunified.org/washington/uncategorized/hs-summer-school-information-schedule-attendance-policy-and-email-contact
2026-08-03 14:39:57,908 | INFO | Crawling: https://fremontunified.org/washington/uncategorized/class-of-2022-and-2023-seal-of-civic-engagement-sello-estatal-de-compromiso-civico-%e5%8a%a0%e5%b7%9e%e5%85%ac%e6%b0%91%e5%8f%83%e8%88%87%e5%8d%b0%e7%ab%a0
2026-08-03 14:39:59,779 | INFO | Crawling: https://fremontunified.org/washington/schedule-news/news/paged-3/17
2026-08-03 14:40:01,960 | INFO | Crawling: https://fremontunified.org/washington/schedule-news/news/paged-3/16
2026-08-03 14:40:04,371 | INFO | Crawling: https://fremontunified.org/washington/schedule-news/events/past-events/paged-3/2
2026-08-03 14:40:06,034 | INFO | Crawling: https://fremontunified.org/washington/schedule-news/events/past-events/paged-3/3
2026-08-03 14:40:08,653 | INFO | Crawling: https://fremontunified.org/washington/schedule-news/events/past-events/paged-3/5
2026-08-03 14:40:10,658 | INFO | Crawling: https://fremontunified.org/about/welcome/award-winning-schools-directory
2026-08-03 14:40:12,404 | INFO | Crawling: https://fremontunified.org/about/welcome/employees-in-our-district
2026-08-03 14:40:14,059 | INFO | Crawling: https://fremontunified.org/about/instructional-services/student-support-services
2026-08-03 14:40:15,701 | INFO | Crawling: https://fremontunified.org/about/welcome/paged-4/2
2026-08-03 14:40:18,361 | INFO | Crawling: https://fremontunified.org/about/welcome/paged-4/3
2026-08-03 14:40:20,335 | INFO | Crawling: https://fremontunified.org/about/welcome/paged-4/5
2026-08-03 14:40:22,384 | INFO | Crawling: https://fremontunified.org/about/board/board-of-education-members
2026-08-03 14:40:24,247 | INFO | Crawling: https://fremontunified.org/about/board/board-of-education-members/trustee-areas-used-for-governing-board-elections
2026-08-03 14:40:25,771 | INFO | Crawling: https://fremontunified.org/about/board/board-of-education-members/trustee-areas-used-for-governing-board-elections/frequently-asked-questions-by-trustee-area-faqs
2026-08-03 14:40:27,163 | INFO | Crawling: https://fremontunified.org/about/board/board-meeting-live-stream-video
2026-08-03 14:40:28,891 | INFO | Crawling: https://fremontunified.org/about/board/board-meeting-live-stream-video/board-showcase
2026-08-03 14:40:30,384 | INFO | Crawling: https://fremontunified.org/about/board/board-meeting-live-stream-video/presentation-template-for-board-meetings
2026-08-03 14:40:31,977 | INFO | Crawling: https://fremontunified.org/about/board/surfboarde-overview
2026-08-03 14:40:33,679 | INFO | Crawling: https://fremontunified.org/about/board/paged-4/2
2026-08-03 14:40:36,212 | INFO | Crawling: https://fremontunified.org/about/board/paged-4/3
2026-08-03 14:40:38,960 | INFO | Crawling: https://fremontunified.org/about/board/paged-4/20
2026-08-03 14:40:41,287 | INFO | Crawling: https://fremontunified.org/about/departments/org-chart
2026-08-03 14:40:42,903 | INFO | Crawling: https://fremontunified.org/about/departments/site-map
2026-08-03 14:40:44,533 | INFO | Crawling: https://fremontunified.org/about/business-services/accounting-services
2026-08-03 14:40:46,174 | INFO | Crawling: https://fremontunified.org/about/business-services/accounting-services/accounts-payable
2026-08-03 14:40:47,721 | INFO | Crawling: https://fremontunified.org/about/business-services/budget
2026-08-03 14:40:49,236 | INFO | Crawling: https://fremontunified.org/about/human-resources/employee-resources/certificated-staff-management-employment-overview
2026-08-03 14:40:51,336 | INFO | Crawling: https://fremontunified.org/about/departments/human-resources/employee-resources/classified-staff-management-employment-overview
2026-08-03 14:40:53,417 | INFO | Crawling: https://fremontunified.org/about/business-services/facilities-construction
2026-08-03 14:40:55,053 | INFO | Crawling: https://fremontunified.org/about/instructional-services/student-support-services/health-services-overview
2026-08-03 14:40:56,866 | INFO | Crawling: https://fremontunified.org/about/business-services/maintenance-operations-grounds
2026-08-03 14:40:58,544 | INFO | Crawling: https://fremontunified.org/about/business-services/facilities-construction/measure-e-bond-overview
2026-08-03 14:40:59,988 | ERROR | Failed request: https://fremontunified.org/about/business-services/facilities-construction/measure-e-bond-overview -> Client error '404 Not Found' for url 'https://fremontunified.org/about/business-services/facilities-construction/measure-e-bond-overview'
For more information check: https://developer.mozilla.org/en-US/docs/Web/HTTP/Status/404
2026-08-03 14:40:59,989 | INFO | Crawling: https://fremontunified.org/about/business-services/accounting-services/payroll
2026-08-03 14:41:01,671 | INFO | Crawling: https://fremontunified.org/about/superintendent/public-information
2026-08-03 14:41:03,736 | INFO | Crawling: https://fremontunified.org/about/business-services/purchasing
2026-08-03 14:41:05,420 | INFO | Crawling: https://fremontunified.org/about/human-resources/risk-management
2026-08-03 14:41:06,760 | INFO | Crawling: https://fremontunified.org/about/instructional-services/special-education
2026-08-03 14:41:08,499 | INFO | Crawling: https://fremontunified.org/about/business-services/technology
2026-08-03 14:41:10,410 | INFO | Crawling: https://fremontunified.org/about/business-services/transportation
2026-08-03 14:41:12,145 | INFO | Crawling: https://fremontunified.org/about/sped-student-support/special-education
2026-08-03 14:41:13,785 | INFO | Crawling: https://fremontunified.org/about/operations/maintenance-operations-grounds
2026-08-03 14:41:15,489 | INFO | Crawling: https://fremontunified.org/?page_id=65439
2026-08-03 14:41:16,883 | ERROR | Failed request: https://fremontunified.org/?page_id=65439 -> Client error '404 Not Found' for url 'https://fremontunified.org/?page_id=65439'
For more information check: https://developer.mozilla.org/en-US/docs/Web/HTTP/Status/404
2026-08-03 14:41:16,884 | INFO | Crawling: https://fremontunified.org/about/operations/transportation
2026-08-03 14:41:18,719 | INFO | Crawling: https://fremontunified.org/about/operations/technology
2026-08-03 14:41:20,565 | INFO | Crawling: https://fremontunified.org/students-community/support/portals/password-change
2026-08-03 14:41:22,342 | INFO | Crawling: https://fremontunified.org/students-community/support/portals/cyber-safety-tips-resources
2026-08-03 14:41:24,254 | INFO | Crawling: https://fremontunified.org/students-community/support/portals/tech-links-help-with-destiny
2026-08-03 14:41:26,088 | INFO | Crawling: https://fremontunified.org/about/instructional-services/student-support-services/families-in-need/basic-needs-food-financial-shelter-medical-others
2026-08-03 14:41:27,838 | INFO | Crawling: https://fremontunified.org/students-community/connections/committees/equity
2026-08-03 14:41:29,354 | INFO | Crawling: https://fremontunified.org/about/sped-student-support/special-education/special-education-district-advisory-committee-overview
2026-08-03 14:41:31,378 | INFO | Crawling: https://fremontunified.org/about/human-resources/human-resources-staff-contacts
2026-08-03 14:41:33,222 | INFO | Crawling: https://fremontunified.org/about/human-resources/employee-resources/union-contact-information-contracts-and-salary-schedules
2026-08-03 14:41:35,357 | INFO | Crawling: https://fremontunified.org/about/human-resources/employee-resources/certificated-staff-management-employment-overview/credential-information
2026-08-03 14:41:37,106 | INFO | Crawling: https://fremontunified.org/about/human-resources/employee-resources/certificated-staff-management-employment-overview/credential-renewal-information
2026-08-03 14:41:38,640 | INFO | Crawling: https://fremontunified.org/about/human-resources/employee-resources/certificated-staff-management-employment-overview/certificated-application-process
2026-08-03 14:41:40,620 | INFO | Crawling: https://fremontunified.org/about/human-resources/employee-resources/classified-staff-management-employment-overview
2026-08-03 14:41:42,741 | INFO | Crawling: https://fremontunified.org/about/human-resources/employee-resources/classified-staff-management-employment-overview/personnel-commission
2026-08-03 14:41:44,308 | INFO | Crawling: https://fremontunified.org/about/human-resources/employee-resources/classified-staff-management-employment-overview/classified-job-descriptions
2026-08-03 14:41:46,173 | INFO | Crawling: https://fremontunified.org/about/human-resources/employee-resources/coaching-information-openings
2026-08-03 14:41:47,828 | INFO | Crawling: https://fremontunified.org/about/human-resources/employee-resources/substitute-teaching-information
2026-08-03 14:41:49,403 | INFO | Crawling: https://fremontunified.org/about/human-resources/employee-resources/benefits-overview
2026-08-03 14:41:50,946 | INFO | Crawling: https://fremontunified.org/about/human-resources/employee-resources/benefits-overview/find-your-current-benefits
2026-08-03 14:41:52,496 | INFO | Crawling: https://fremontunified.org/about/human-resources/employee-resources/benefits-overview/new-hire-rehire-employment-forms
2026-08-03 14:41:54,009 | INFO | Crawling: https://fremontunified.org/about/human-resources/employee-resources/benefits-overview/calstrs-retirement-information
2026-08-03 14:41:55,954 | INFO | Crawling: https://fremontunified.org/about/human-resources/employee-resources/benefits-overview/frequently-asked-questions-benefits
2026-08-03 14:41:57,779 | INFO | Crawling: https://fremontunified.org/about/human-resources/employee-resources/benefits-overview/commuter-benefits
2026-08-03 14:41:59,372 | INFO | Crawling: https://fremontunified.org/about/human-resources/employee-resources/benefits-overview/calpers-retirement-information
2026-08-03 14:42:00,925 | INFO | Crawling: https://fremontunified.org/about/human-resources/employee-resources/absence-management-substitute-system-instructions-aesop
2026-08-03 14:42:02,374 | INFO | Crawling: https://fremontunified.org/about/departments/human-resources/employee-resources/certificated-staff-management-employment-overview
2026-08-03 14:42:03,662 | INFO | Crawling: https://fremontunified.org/about/departments/human-resources/employee-resources/substitute-teaching-information
2026-08-03 14:42:04,956 | INFO | Crawling: https://fremontunified.org/about/departments/human-resources/employee-resources/coaching-information-openings
2026-08-03 14:42:06,682 | INFO | Crawling: https://fremontunified.org/about/departments/human-resources/employee-resources/union-contact-information-contracts-and-salary-schedules
2026-08-03 14:42:08,087 | INFO | Crawling: https://fremontunified.org/about/departments/human-resources/employee-resources/benefits-overview
2026-08-03 14:42:09,748 | INFO | Crawling: https://fremontunified.org/about/departments/human-resources/human-resources-staff-contacts
2026-08-03 14:42:11,807 | INFO | Crawling: https://fremontunified.org/about/sped-student-support/student-support-services/student-support-services-staff-contacts
2026-08-03 14:42:13,678 | INFO | Crawling: https://fremontunified.org/about/sped-student-support/student-support-services/change-of-residency
2026-08-03 14:42:15,570 | INFO | Crawling: https://fremontunified.org/about/sped-student-support/student-support-services/community-liaisons
2026-08-03 14:42:17,619 | INFO | Crawling: https://fremontunified.org/about/sped-student-support/student-support-services/school-counselors-overview
2026-08-03 14:42:19,165 | INFO | Crawling: https://fremontunified.org/about/sped-student-support/student-support-services/parenteducation
2026-08-03 14:42:20,723 | INFO | Crawling: https://fremontunified.org/about/sped-student-support/student-support-services/workshop
2026-08-03 14:42:22,723 | INFO | Crawling: https://fremontunified.org/about/sped-student-support/student-support-services/mental-health-overview/connect-with-mental-health-care-resources
2026-08-03 14:42:24,716 | INFO | Crawling: https://fremontunified.org/about/sped-student-support/student-support-services/mental-health-overview/coping-with-stress-and-anxiety
2026-08-03 14:42:26,344 | INFO | Crawling: https://fremontunified.org/about/sped-student-support/student-support-services/attendance-and-truancy
2026-08-03 14:42:28,011 | INFO | Crawling: https://fremontunified.org/about/sped-student-support/student-support-services/section-504-plan
2026-08-03 14:42:29,428 | INFO | Crawling: https://fremontunified.org/about/instructional-services/student-support-services/mental-health-overview/connect-with-mental-health-care-resources
2026-08-03 14:42:30,712 | INFO | Crawling: https://fremontunified.org/about/instructional-services/student-support-services/community-liaisons
2026-08-03 14:42:32,167 | INFO | Crawling: https://fremontunified.org/about/instructional-services/student-support-services/school-counselors-overview
2026-08-03 14:42:33,465 | INFO | Crawling: https://fremontunified.org/about/instructional-services/student-support-services/families-in-need
2026-08-03 14:42:35,085 | INFO | Crawling: https://fremontunified.org/about/departments/instructional-services-overview/student-support-services-dept/families-in-need/lgbtq-support-contacts
2026-08-03 14:42:36,434 | INFO | Crawling: https://fremontunified.org/students-community/support/infinite-campus-faqs
2026-08-03 14:42:37,891 | ERROR | Failed request: https://fremontunified.org/students-community/support/infinite-campus-faqs -> Client error '404 Not Found' for url 'https://fremontunified.org/students-community/support/infinite-campus-faqs'
For more information check: https://developer.mozilla.org/en-US/docs/Web/HTTP/Status/404
2026-08-03 14:42:37,892 | INFO | Crawling: https://fremontunified.org/about/sped-student-support/student-support-services/enrollment-registration/immunization-requirements
2026-08-03 14:42:39,295 | INFO | Crawling: https://fremontunified.org/about/sped-student-support/student-support-services/enrollment-registration/supplemental-documents
2026-08-03 14:42:40,760 | INFO | Crawling: https://fremontunified.org/about/sped-student-support/student-support-services/enrollment-registration/caregiver-affidavit-and-declaration-of-residency
2026-08-03 14:42:42,328 | INFO | Crawling: https://fremontunified.org/about/sped-student-support/student-support-services/enrollment-registration/intra-district-transfers
2026-08-03 14:42:44,231 | INFO | Crawling: https://fremontunified.org/about/sped-student-support/student-support-services/enrollment-registration/inter-district-transfers
2026-08-03 14:42:46,406 | INFO | Crawling: https://fremontunified.org/about/sped-student-support/student-support-services/enrollment-registration/open-enrollment
2026-08-03 14:42:48,338 | INFO | Crawling: https://fremontunified.org/about/sped-student-support/student-support-services/enrollment-registration/school-wait-lists-overloads
2026-08-03 14:42:50,377 | INFO | Crawling: https://fremontunified.org/about/sped-student-support/student-support-services/enrollment-registration/new-developments-designation-unassigned
2026-08-03 14:42:52,211 | INFO | Crawling: https://fremontunified.org/about/departments/instructional-services-overview/student-support-services-dept/enrollment-registration/school-wait-lists-overloads
2026-08-03 14:42:53,753 | INFO | Crawling: https://fremontunified.org/about/departments/instructional-services-overview/elementary-education-dept/transitional-kindergarten
2026-08-03 14:42:55,237 | INFO | Crawling: https://fremontunified.org/about/instructional-services/federal-state-programs/state-preschool
2026-08-03 14:42:57,105 | INFO | Crawling: https://fremontunified.org/about/departments/instructional-services-overview/student-support-services-dept/enrollment-registration/intra-district-transfers
2026-08-03 14:42:58,698 | INFO | Crawling: https://fremontunified.org/about/departments/instructional-services-overview/student-support-services-dept/enrollment-registration/inter-district-transfers
2026-08-03 14:43:00,637 | INFO | Crawling: https://fremontunified.org/about/instructional-services/student-support-services/enrollment-registration/open-enrollment
2026-08-03 14:43:02,223 | INFO | Crawling: https://fremontunified.org/about/departments/instructional-services-overview/student-support-services-dept/student-support-services-staff-contacts
2026-08-03 14:43:04,118 | INFO | Crawling: https://fremontunified.org/about/departments/instructional-services-overview/curriculum-instruction-dept/library-at-district-overview/pay-for-lost-damaged-textbooks-and-or-library-books
2026-08-03 14:43:06,039 | INFO | Crawling: https://fremontunified.org/safety/uscis-resources
2026-08-03 14:43:07,979 | INFO | Crawling: https://fremontunified.org/safety/immigrant-families
2026-08-03 14:43:09,764 | INFO | Crawling: https://fremontunified.org/about/sped-student-support/student-support-services/community-resources/immigration
2026-08-03 14:43:11,104 | INFO | Crawling: https://fremontunified.org/about/instructional-services/elementary-education/transitional-kindergarten
2026-08-03 14:43:12,584 | INFO | Crawling: https://fremontunified.org/about/instructional-services/elementary-education/spelling-bee
2026-08-03 14:43:14,025 | INFO | Crawling: https://fremontunified.org/about/instructional-services/elementary-education/art-gala
2026-08-03 14:43:16,066 | INFO | Crawling: https://fremontunified.org/about/instructional-services/elementary-education/young-authors-contest
2026-08-03 14:43:17,671 | INFO | Crawling: https://fremontunified.org/about/instructional-services/secondary-education/college-connection-program-ohlone
2026-08-03 14:43:19,614 | INFO | Crawling: https://fremontunified.org/about/instructional-services/secondary-education/career-and-technical-education-cte
2026-08-03 14:43:21,400 | INFO | Crawling: https://fremontunified.org/about/instructional-services/secondary-education/career-and-technical-education-cte/perkins
2026-08-03 14:43:23,138 | INFO | Crawling: https://fremontunified.org/about/instructional-services/secondary-education/career-and-technical-education-cte/mvrop
2026-08-03 14:43:24,490 | INFO | Crawling: https://fremontunified.org/about/instructional-services/secondary-education/guy-emanuele-sports-fund
2026-08-03 14:43:26,141 | INFO | Crawling: https://fremontunified.org/about/instructional-services/secondary-education/high-school-graduation
2026-08-03 14:43:27,844 | INFO | Crawling: https://fremontunified.org/about/instructional-services/secondary-education/middle-school-overview
2026-08-03 14:43:29,451 | INFO | Crawling: https://fremontunified.org/about/instructional-services/secondary-education/middle-school-overview/middle-school-frequently-asked-questions-faq
2026-08-03 14:43:30,841 | INFO | Crawling: https://fremontunified.org/about/instructional-services/curriculum-instruction/curriculum-instruction-staff-contacts
2026-08-03 14:43:32,584 | INFO | Crawling: https://fremontunified.org/about/instructional-services/curriculum-instruction/ci-initiatives-dashboard
2026-08-03 14:43:34,108 | INFO | Crawling: https://fremontunified.org/about/instructional-services/curriculum-instruction/fair-education-act
2026-08-03 14:43:36,087 | INFO | Crawling: https://fremontunified.org/about/instructional-services/curriculum-instruction/library-at-district-overview/literature-search
2026-08-03 14:43:38,075 | INFO | Crawling: https://fremontunified.org/about/instructional-services/curriculum-instruction/library-at-district-overview/pay-for-lost-damaged-textbooks-and-or-library-books
2026-08-03 14:43:39,794 | INFO | Crawling: https://fremontunified.org/about/instructional-services/curriculum-instruction/textbook-and-literature-lists
2026-08-03 14:43:41,258 | INFO | Crawling: https://fremontunified.org/about/instructional-services/curriculum-instruction/math-information
2026-08-03 14:43:42,901 | INFO | Crawling: https://fremontunified.org/about/instructional-services/curriculum-instruction/science-information-ngss
2026-08-03 14:43:44,684 | INFO | Crawling: https://fremontunified.org/about/instructional-services/curriculum-instruction/curriculum-instruction-health-resources
2026-08-03 14:43:46,107 | INFO | Crawling: https://fremontunified.org/about/instructional-services/curriculum-instruction/driver-ed
2026-08-03 14:43:47,670 | INFO | Crawling: https://fremontunified.org/about/instructional-services/federal-state-programs/multilingual-learners/language-assessment-center
2026-08-03 14:43:49,490 | INFO | Crawling: https://fremontunified.org/about/instructional-services/federal-state-programs/multilingual-learners/english-learner-english-language-development
2026-08-03 14:43:51,484 | INFO | Crawling: https://fremontunified.org/about/instructional-services/federal-state-programs/multilingual-learners/english-language-proficiency-assessments-for-ca-overview
2026-08-03 14:43:52,883 | INFO | Crawling: https://fremontunified.org/about/instructional-services/federal-state-programs/multilingual-learners/english-language-proficiency-assessments-for-ca-overview/elpac-frequently-asked-questions
2026-08-03 14:43:54,369 | INFO | Crawling: https://fremontunified.org/about/instructional-services/federal-state-programs/multilingual-learners/english-language-proficiency-assessments-for-ca-overview/elpac-additional-resources
2026-08-03 14:43:56,127 | INFO | Crawling: https://fremontunified.org/about/instructional-services/federal-state-programs/multilingual-learners/english-learner-advisory-committee-elac
2026-08-03 14:43:57,993 | INFO | Crawling: https://fremontunified.org/about/instructional-services/federal-state-programs/multilingual-learners/delac-overview/delac-meeting-archives
2026-08-03 14:43:59,782 | INFO | Crawling: https://fremontunified.org/about/instructional-services/federal-state-programs/multilingual-learners/schools-15-and-above-translation-required
2026-08-03 14:44:01,223 | INFO | Crawling: https://fremontunified.org/about/instructional-services/federal-state-programs/elop/elop-summer
2026-08-03 14:44:03,025 | INFO | Crawling: https://fremontunified.org/about/instructional-services/federal-state-programs/nasp-program-information/nasp-meeting-archive
2026-08-03 14:44:04,964 | INFO | Crawling: https://fremontunified.org/about/instructional-services/assessment-accountability/california-school-dashboard
2026-08-03 14:44:06,747 | INFO | Crawling: https://fremontunified.org/about/instructional-services/assessment-accountability/state-seals
2026-08-03 14:44:08,410 | INFO | Crawling: https://fremontunified.org/about/instructional-services/assessment-accountability/state-seals/golden-state-seal
2026-08-03 14:44:10,299 | INFO | Crawling: https://fremontunified.org/about/instructional-services/assessment-accountability/state-seals/seal-of-biliteracy
2026-08-03 14:44:12,246 | INFO | Crawling: https://fremontunified.org/about/instructional-services/assessment-accountability/state-seals/seal-of-civic-engagement
2026-08-03 14:44:14,070 | INFO | Crawling: https://fremontunified.org/about/instructional-services/assessment-accountability/state-assessments
2026-08-03 14:44:15,532 | INFO | Crawling: https://fremontunified.org/about/instructional-services/assessment-accountability/state-assessments/caaspp
2026-08-03 14:44:17,464 | INFO | Crawling: https://fremontunified.org/about/instructional-services/assessment-accountability/state-assessments/caaspp/caaspp-ssr
2026-08-03 14:44:19,058 | INFO | Crawling: https://fremontunified.org/about/instructional-services/assessment-accountability/state-assessments/caaspp/sbac
2026-08-03 14:44:21,216 | INFO | Crawling: https://fremontunified.org/about/instructional-services/assessment-accountability/state-assessments/caaspp/cast
2026-08-03 14:44:22,775 | INFO | Crawling: https://fremontunified.org/about/instructional-services/assessment-accountability/state-assessments/caaspp/caa
2026-08-03 14:44:24,617 | INFO | Crawling: https://fremontunified.org/about/instructional-services/assessment-accountability/state-assessments/caaspp/csa
2026-08-03 14:44:26,465 | INFO | Crawling: https://fremontunified.org/about/instructional-services/assessment-accountability/state-assessments/ca-math-placement-exam
2026-08-03 14:44:28,378 | INFO | Crawling: https://fremontunified.org/about/instructional-services/assessment-accountability/state-assessments/pft
2026-08-03 14:44:30,017 | INFO | Crawling: https://fremontunified.org/about/instructional-services/assessment-accountability/state-assessments/rdrs
2026-08-03 14:44:31,660 | INFO | Crawling: https://fremontunified.org/about/instructional-services/assessment-accountability/district-assessments-testing-calendars
2026-08-03 14:44:33,250 | INFO | Crawling: https://fremontunified.org/about/instructional-services/assessment-accountability/district-assessments-testing-calendars/i-ready
2026-08-03 14:44:34,951 | INFO | Crawling: https://fremontunified.org/about/instructional-services/assessment-accountability/advanced-placement
2026-08-03 14:44:36,906 | INFO | Crawling: https://fremontunified.org/about/instructional-services/assessment-accountability/report-cards
2026-08-03 14:44:38,928 | INFO | Crawling: https://fremontunified.org/about/instructional-services/assessment-accountability/report-cards/elementary-report-cards
2026-08-03 14:44:41,019 | INFO | Crawling: https://fremontunified.org/about/instructional-services/assessment-accountability/chks
2026-08-03 14:44:43,117 | INFO | Crawling: https://fremontunified.org/about/instructional-services/paged-4/2
2026-08-03 14:44:45,448 | INFO | Crawling: https://fremontunified.org/about/instructional-services/paged-4/3
2026-08-03 14:44:48,367 | INFO | Crawling: https://fremontunified.org/about/instructional-services/paged-4/4
2026-08-03 14:44:50,652 | INFO | Crawling: https://fremontunified.org/students-community/connections/committees/ciac
2026-08-03 14:44:52,363 | INFO | Crawling: https://fremontunified.org/about/departments/instructional-services/curriculum-instruction/curriculum-instruction-staff-contacts
2026-08-03 14:44:53,924 | INFO | Crawling: https://fremontunified.org/about/instructional-services/federal-state-programs/ekelley@fusdk12.net
2026-08-03 14:44:55,286 | ERROR | Failed request: https://fremontunified.org/about/instructional-services/federal-state-programs/ekelley@fusdk12.net -> Client error '404 Not Found' for url 'https://fremontunified.org/about/instructional-services/federal-state-programs/ekelley@fusdk12.net'
For more information check: https://developer.mozilla.org/en-US/docs/Web/HTTP/Status/404
2026-08-03 14:44:55,287 | INFO | Crawling: https://fremontunified.org/about/instructional-services/federal-state-programs/jmasis@fusdk12.net
2026-08-03 14:44:56,667 | ERROR | Failed request: https://fremontunified.org/about/instructional-services/federal-state-programs/jmasis@fusdk12.net -> Client error '404 Not Found' for url 'https://fremontunified.org/about/instructional-services/federal-state-programs/jmasis@fusdk12.net'
For more information check: https://developer.mozilla.org/en-US/docs/Web/HTTP/Status/404
2026-08-03 14:44:56,668 | INFO | Crawling: https://fremontunified.org/about/superintendent/first-day-2025
2026-08-03 14:44:58,528 | INFO | Crawling: https://fremontunified.org/about/superintendent/balanced-budget
2026-08-03 14:44:59,912 | INFO | Crawling: https://fremontunified.org/about/superintendent/balanced-budget/balanced-budget-faq
2026-08-03 14:45:01,244 | INFO | Crawling: https://fremontunified.org/about/superintendent/notice-of-public-hearings
2026-08-03 14:45:03,098 | INFO | Crawling: https://fremontunified.org/about/superintendent/public-information/public-records-requests
2026-08-03 14:45:04,610 | INFO | Crawling: https://fremontunified.org/about/superintendent/public-information/channels-content
2026-08-03 14:45:06,370 | INFO | Crawling: https://fremontunified.org/about/superintendent/public-information/channels-content/website-info
2026-08-03 14:45:07,916 | INFO | Crawling: https://fremontunified.org/about/superintendent/public-information/channels-content/parentsquare
2026-08-03 14:45:09,388 | INFO | Crawling: https://fremontunified.org/about/superintendent/senior-exemption-waiver-measure-i
2026-08-03 14:45:11,034 | INFO | Crawling: https://fremontunified.org/about/departments/instructional-services-overview
2026-08-03 14:45:12,506 | ERROR | Failed request: https://fremontunified.org/about/departments/instructional-services-overview -> Client error '404 Not Found' for url 'https://fremontunified.org/about/departments/instructional-services-overview'
For more information check: https://developer.mozilla.org/en-US/docs/Web/HTTP/Status/404
2026-08-03 14:45:12,507 | INFO | Crawling: https://fremontunified.org/about/departments/business-services-overview
2026-08-03 14:45:13,909 | ERROR | Failed request: https://fremontunified.org/about/departments/business-services-overview -> Client error '404 Not Found' for url 'https://fremontunified.org/about/departments/business-services-overview'
For more information check: https://developer.mozilla.org/en-US/docs/Web/HTTP/Status/404
2026-08-03 14:45:13,909 | INFO | Crawling: https://fremontunified.org/about/departments/human-resources-overview
2026-08-03 14:45:15,306 | ERROR | Failed request: https://fremontunified.org/about/departments/human-resources-overview -> Client error '404 Not Found' for url 'https://fremontunified.org/about/departments/human-resources-overview'
For more information check: https://developer.mozilla.org/en-US/docs/Web/HTTP/Status/404
2026-08-03 14:45:15,306 | INFO | Crawling: https://fremontunified.org/about/superintendent/paged-4/2
2026-08-03 14:45:17,268 | INFO | Crawling: https://fremontunified.org/about/superintendent/paged-4/3
2026-08-03 14:45:19,351 | INFO | Crawling: https://fremontunified.org/about/superintendent/public-information/previous-superintendent
2026-08-03 14:45:20,905 | ERROR | Failed request: https://fremontunified.org/about/superintendent/public-information/previous-superintendent -> Client error '404 Not Found' for url 'https://fremontunified.org/about/superintendent/public-information/previous-superintendent'
For more information check: https://developer.mozilla.org/en-US/docs/Web/HTTP/Status/404
2026-08-03 14:45:20,906 | INFO | Crawling: https://fremontunified.org/about/sped-student-support/special-education/special-education-staff-contacts
2026-08-03 14:45:22,898 | INFO | Crawling: https://fremontunified.org/about/sped-student-support/special-education/special-education-process-referrals
2026-08-03 14:45:24,653 | INFO | Crawling: https://fremontunified.org/about/sped-student-support/special-education/frequently-asked-questions-faqs
2026-08-03 14:45:26,042 | INFO | Crawling: https://fremontunified.org/about/sped-student-support/special-education/special-education-events
2026-08-03 14:45:27,886 | INFO | Crawling: https://fremontunified.org/about/sped-student-support/student-support-services/community-liaisons/community-resource-links
2026-08-03 14:45:29,306 | INFO | Crawling: https://fremontunified.org/about/sped-student-support/student-support-services/community-liaisons/community-events
2026-08-03 14:45:30,571 | INFO | Crawling: https://fremontunified.org/about/sped-student-support/student-support-services/community-liaisons/community-flyers_slides
2026-08-03 14:45:32,024 | INFO | Crawling: https://fremontunified.org/about/sped-student-support/student-support-services/health-services-overview/health-forms-medication
2026-08-03 14:45:33,511 | INFO | Crawling: https://fremontunified.org/about/sped-student-support/student-support-services/health-services-overview/cybhi
2026-08-03 14:45:35,694 | INFO | Crawling: https://fremontunified.org/about/sped-student-support/student-support-services/health-services-overview/nurse-contacts-by-site
2026-08-03 14:45:37,720 | INFO | Crawling: https://fremontunified.org/about/sped-student-support/student-support-services/health-services-overview/general-health-faq
2026-08-03 14:45:39,676 | INFO | Crawling: https://fremontunified.org/about/sped-student-support/student-support-services/health-services-overview/vision-and-hearing-screenings
2026-08-03 14:45:41,249 | INFO | Crawling: https://fremontunified.org/about/sped-student-support/student-support-services/health-services-overview/health-community-resources
2026-08-03 14:45:43,243 | INFO | Crawling: https://fremontunified.org/about/sped-student-support/student-support-services/health-services-overview/food-allergy-awareness
2026-08-03 14:45:45,081 | INFO | Crawling: https://fremontunified.org/about/business-services/accounting-services/accounting-statements
2026-08-03 14:45:47,163 | INFO | Crawling: https://fremontunified.org/about/business-services/accounting-services/general-ledger
2026-08-03 14:45:48,815 | INFO | Crawling: https://fremontunified.org/about/business-services/accounting-services/developer-fees-faq
2026-08-03 14:45:50,772 | INFO | Crawling: https://fremontunified.org/about/business-services/budget/all-budget-files-and-previous-years
2026-08-03 14:45:52,788 | INFO | Crawling: https://fremontunified.org/about/business-services/budget/budget-resources
2026-08-03 14:45:54,212 | INFO | Crawling: https://fremontunified.org/about/business-services/purchasing/fusd-current-bid-opportunities
2026-08-03 14:45:55,637 | INFO | Crawling: https://fremontunified.org/about/business-services/facilities-construction/long-range-facilities-plan-overview
2026-08-03 14:45:57,386 | INFO | Crawling: https://fremontunified.org/students-community/connections/jointheconversation/faq
2026-08-03 14:45:58,975 | INFO | Crawling: https://fremontunified.org/about/business-services/paged-4/2
2026-08-03 14:46:01,752 | INFO | Crawling: https://fremontunified.org/about/operations/maintenance-operations-grounds/lead-testing-of-drinking-water-info
2026-08-03 14:46:03,925 | INFO | Crawling: https://fremontunified.org/about/operations/facilities-construction
2026-08-03 14:46:06,004 | INFO | Crawling: https://fremontunified.org/about/operations/facilities-construction/fusds-bonds
2026-08-03 14:46:08,059 | INFO | Crawling: https://fremontunified.org/about/operations/facilities-construction/fusds-bonds/measure-m
2026-08-03 14:46:09,938 | INFO | Crawling: https://fremontunified.org/about/operations/facilities-construction/fusds-bonds/measure-e
2026-08-03 14:46:11,878 | INFO | Crawling: https://fremontunified.org/about/operations/facilities-construction/fusds-bonds/measure-e/summer-2025-construction-before-after
2026-08-03 14:46:13,690 | INFO | Crawling: https://fremontunified.org/about/operations/facilities-construction/fusds-bonds/faq
2026-08-03 14:46:15,453 | INFO | Crawling: https://fremontunified.org/about/operations/facilities-construction/working-with-fusd
2026-08-03 14:46:17,528 | INFO | Crawling: https://fremontunified.org/about/operations/facilities-construction/long-range-facilities-plan-overview
2026-08-03 14:46:19,670 | INFO | Crawling: https://fremontunified.org/about/operations/transportation/transportation-staff-contacts
2026-08-03 14:46:21,179 | INFO | Crawling: https://fremontunified.org/about/operations/transportation/job-opportunities-with-the-transportation-dept
2026-08-03 14:46:23,301 | INFO | Crawling: https://fremontunified.org/about/operations/transportation/bus-riding-conduct-rules-for-students-parents
2026-08-03 14:46:25,288 | INFO | Crawling: https://fremontunified.org/about/operations/transportation/v2g
2026-08-03 14:46:27,106 | INFO | Crawling: https://fremontunified.org/about/operations/transportation/transportation-lost-found
2026-08-03 14:46:29,039 | INFO | Crawling: https://fremontunified.org/about/operations/transportation/special-education-transportation
2026-08-03 14:46:31,496 | INFO | Crawling: https://fremontunified.org/about/operations/transportation/special-education-transportation/transportation-extended-school-year-summer-school-information
2026-08-03 14:46:33,352 | INFO | Crawling: https://fremontunified.org/about/operations/transportation/elimination-of-home-to-school-transportation-services
2026-08-03 14:46:35,415 | INFO | Crawling: https://fremontunified.org/about/operations/technology/technology-staff-contacts
2026-08-03 14:46:37,510 | INFO | Crawling: https://fremontunified.org/about/operations/facilities-construction/measure-e-bond-overview
2026-08-03 14:46:38,927 | ERROR | Failed request: https://fremontunified.org/about/operations/facilities-construction/measure-e-bond-overview -> Client error '404 Not Found' for url 'https://fremontunified.org/about/operations/facilities-construction/measure-e-bond-overview'
For more information check: https://developer.mozilla.org/en-US/docs/Web/HTTP/Status/404
2026-08-03 14:46:38,928 | INFO | Crawling: https://fremontunified.org/about/operations/facilities-construction/faq
2026-08-03 14:46:40,561 | INFO | Crawling: https://fremontunified.org/about/human-resources/risk-management/on-line-training-for-contractors-and-volunteers
2026-08-03 14:46:42,653 | INFO | Crawling: https://fremontunified.org/about/human-resources/risk-management/insurance-information-student-accident
2026-08-03 14:46:44,532 | INFO | Crawling: https://fremontunified.org/about/human-resources/risk-management/how-to-file-a-claim-and-form-liability
2026-08-03 14:46:46,268 | INFO | Crawling: https://fremontunified.org/about/human-resources/paged-4/2
2026-08-03 14:46:48,644 | INFO | Crawling: https://fremontunified.org/about/human-resources/paged-4/3
2026-08-03 14:46:50,979 | INFO | Crawling: https://fremontunified.org/washington/category/news/paged-3/2
2026-08-03 14:46:52,801 | INFO | Crawling: https://fremontunified.org/washington/category/news/paged-3/3
2026-08-03 14:46:54,692 | INFO | Crawling: https://fremontunified.org/washington/category/news/paged-3/13
2026-08-03 14:46:56,772 | INFO | Crawling: https://fremontunified.org/students-community/connections/committees/aapac
2026-08-03 14:46:58,936 | INFO | Crawling: https://fremontunified.org/students-community/connections/committees/smh
2026-08-03 14:47:00,810 | INFO | Crawling: https://fremontunified.org/students-community/connections/committees/tic
2026-08-03 14:47:02,529 | INFO | Crawling: https://fremontunified.org/about/instructional-services/special-education/special-education-mission-valley-local-plan-area-selpa/selpa-community-advisory-committee-overview
2026-08-03 14:47:04,022 | ERROR | Failed request: https://fremontunified.org/about/instructional-services/special-education/special-education-mission-valley-local-plan-area-selpa/selpa-community-advisory-committee-overview -> Client error '404 Not Found' for url 'https://fremontunified.org/about/instructional-services/special-education/special-education-mission-valley-local-plan-area-selpa/selpa-community-advisory-committee-overview'
For more information check: https://developer.mozilla.org/en-US/docs/Web/HTTP/Status/404
2026-08-03 14:47:04,023 | INFO | Crawling: https://fremontunified.org/students-community/connections/committees/other-previous-committees/7-11-committee-overview
2026-08-03 14:47:05,836 | INFO | Crawling: https://fremontunified.org/students-community/connections/committees/other-previous-committees/mip-sdi-task-force
2026-08-03 14:47:07,657 | INFO | Crawling: https://fremontunified.org/students-community/connections/committees/other-previous-committees/renaming-valhalla-theater
2026-08-03 14:47:09,620 | INFO | Crawling: https://fremontunified.org/about/board/surfboarde-overview/fusd-committees
2026-08-03 14:47:11,081 | ERROR | Failed request: https://fremontunified.org/about/board/surfboarde-overview/fusd-committees -> Client error '404 Not Found' for url 'https://fremontunified.org/about/board/surfboarde-overview/fusd-committees'
For more information check: https://developer.mozilla.org/en-US/docs/Web/HTTP/Status/404
2026-08-03 14:47:11,082 | INFO | Crawling: https://fremontunified.org/students-community/connections/fusdweb@fusdk12.net
2026-08-03 14:47:12,489 | ERROR | Failed request: https://fremontunified.org/students-community/connections/fusdweb@fusdk12.net -> Client error '404 Not Found' for url 'https://fremontunified.org/students-community/connections/fusdweb@fusdk12.net'
For more information check: https://developer.mozilla.org/en-US/docs/Web/HTTP/Status/404
2026-08-03 14:47:12,490 | INFO | Crawling: https://fremontunified.org/about/instructional-services/student-support-services/student-support-services-staff-contacts
2026-08-03 14:47:14,034 | INFO | Crawling: https://fremontunified.org/about/instructional-services/student-support-services/families-in-need/homeless-and-foster-youth-support-mckinney-vento-act
2026-08-03 14:47:16,047 | INFO | Crawling: https://fremontunified.org/about/sped-student-support/student-support-services/families-in-need/wstallworth@fusdk12.net
2026-08-03 14:47:17,792 | ERROR | Failed request: https://fremontunified.org/about/sped-student-support/student-support-services/families-in-need/wstallworth@fusdk12.net -> Client error '404 Not Found' for url 'https://fremontunified.org/about/sped-student-support/student-support-services/families-in-need/wstallworth@fusdk12.net'
For more information check: https://developer.mozilla.org/en-US/docs/Web/HTTP/Status/404
2026-08-03 14:47:17,792 | INFO | Crawling: https://fremontunified.org/about/instructional-services/student-support-services/enrollment-registration/immunization-requirements
2026-08-03 14:47:19,369 | INFO | Crawling: https://fremontunified.org/washington/news/avid-day
2026-08-03 14:47:21,069 | INFO | Crawling: https://fremontunified.org/washington/news/sat-psat-registration
2026-08-03 14:47:22,350 | INFO | Crawling: https://fremontunified.org/washington/schedule-news/news/paged-3/6
2026-08-03 14:47:24,511 | INFO | Crawling: https://fremontunified.org/washington/news/8-15-25-1030-am-intermittent-phone-service-at-multiple-sites
2026-08-03 14:47:26,407 | INFO | Crawling: https://fremontunified.org/washington/news/fall-athletic-information
2026-08-03 14:47:28,101 | INFO | Crawling: https://fremontunified.org/washington/news/2025-2026-maze-days
2026-08-03 14:47:29,691 | INFO | Crawling: https://fremontunified.org/washington/news/25-26-maze-day-schedule
2026-08-03 14:47:30,983 | INFO | Crawling: https://fremontunified.org/washington/schedule-news/news/paged-3/7
2026-08-03 14:47:33,176 | INFO | Crawling: https://fremontunified.org/washington/category/uncategorized
2026-08-03 14:47:34,682 | INFO | Crawling: https://fremontunified.org/?p=190519
2026-08-03 14:47:36,072 | ERROR | Failed request: https://fremontunified.org/?p=190519 -> Client error '404 Not Found' for url 'https://fremontunified.org/?p=190519'
For more information check: https://developer.mozilla.org/en-US/docs/Web/HTTP/Status/404
2026-08-03 14:47:36,073 | INFO | Crawling: https://fremontunified.org/washington/news/washington-high-school-maze-day-2023
2026-08-03 14:47:38,039 | INFO | Crawling: https://fremontunified.org/washington/news/whs-maze-days-2023-24
2026-08-03 14:47:39,437 | INFO | Crawling: https://fremontunified.org/washington/news/2023-graduation-ceremony
2026-08-03 14:47:41,225 | INFO | Crawling: https://fremontunified.org/washington/uncategorized/students-in-grades-9-11-2023-24-surfboarde-applications-close-april-3
2026-08-03 14:47:42,594 | INFO | Crawling: https://fremontunified.org/washington/schedule-news/news/paged-3/15
2026-08-03 14:47:44,606 | INFO | Crawling: https://fremontunified.org/washington/news/parent-teacher-conferences-october-25th-26th
2026-08-03 14:47:46,468 | INFO | Crawling: https://fremontunified.org/about/instructional-services/secondary-education/college-info-night
2026-08-03 14:47:47,813 | ERROR | Failed request: https://fremontunified.org/about/instructional-services/secondary-education/college-info-night -> Client error '404 Not Found' for url 'https://fremontunified.org/about/instructional-services/secondary-education/college-info-night'
For more information check: https://developer.mozilla.org/en-US/docs/Web/HTTP/Status/404
2026-08-03 14:47:47,813 | INFO | Crawling: https://fremontunified.org/washington/news/no-school-tomorrow-friday-october-13-2023
2026-08-03 14:47:49,234 | INFO | Crawling: https://fremontunified.org/washington/news/homecoming-dance-information
2026-08-03 14:47:50,802 | INFO | Crawling: https://fremontunified.org/washington/news/back-to-school-night-9-7-23
2026-08-03 14:47:52,129 | INFO | Crawling: https://fremontunified.org/washington/schedule-news/news/paged-3/14
2026-08-03 14:47:53,778 | INFO | Crawling: https://fremontunified.org/?p=65343
2026-08-03 14:47:55,438 | INFO | Crawling: https://fremontunified.org/washington/events-archive/fentanyl-presentation-mar-20-2025-at-7pm
2026-08-03 14:47:56,623 | INFO | Crawling: https://fremontunified.org/washington/schedule-news/events/past-events/paged-3/4
2026-08-03 14:47:58,749 | INFO | Crawling: https://fremontunified.org/about/welcome/paged-4/4
2026-08-03 14:48:00,793 | INFO | Crawling: https://fremontunified.org/about/board/paged-4/4
2026-08-03 14:48:03,268 | INFO | Crawling: https://fremontunified.org/about/board/paged-4/5
2026-08-03 14:48:05,998 | INFO | Crawling: https://fremontunified.org/about/board/paged-4/19
2026-08-03 14:48:08,507 | INFO | Crawling: https://fremontunified.org/about/board/paged-4/18
2026-08-03 14:48:10,873 | INFO | Crawling: https://fremontunified.org/about/instructional-services/assessment-accountability/klasjdfkl342
2026-08-03 14:48:12,384 | INFO | Crawling: https://fremontunified.org/about/business-services/accounting-services/accounting-statements/all-budget-files-and-previous-years
2026-08-03 14:48:14,102 | INFO | Crawling: https://fremontunified.org/about/operations/facilities-construction/bond-programs/fusds-bonds
2026-08-03 14:48:15,501 | INFO | Crawling: https://fremontunified.org/about/operations/facilities-construction/new/working-with-fusd
2026-08-03 14:48:17,207 | INFO | Crawling: https://fremontunified.org/about/departments/office-of-the-superintendent-overview/public-information-dept/channels-content
2026-08-03 14:48:18,556 | INFO | Crawling: https://fremontunified.org/about/human-resources/risk-management/on-line-training-for- contractors-and-volunteers
2026-08-03 14:48:20,417 | INFO | Crawling: https://fremontunified.org/about/human-resources/risk-management/insurance- information-student-accident
2026-08-03 14:48:22,551 | INFO | Crawling: https://fremontunified.org/about/human-resources/risk-management/how-to-file- a-claim-and-form-liability
2026-08-03 14:48:24,109 | INFO | Crawling: https://fremontunified.org/about/instructional-services/special-education/frequently-asked-questions-faqs
2026-08-03 14:48:25,568 | INFO | Crawling: https://fremontunified.org/about/instructional-services/spedrecordsrequest@fusdk12.net
2026-08-03 14:48:26,928 | ERROR | Failed request: https://fremontunified.org/about/instructional-services/spedrecordsrequest@fusdk12.net -> Client error '404 Not Found' for url 'https://fremontunified.org/about/instructional-services/spedrecordsrequest@fusdk12.net'
For more information check: https://developer.mozilla.org/en-US/docs/Web/HTTP/Status/404
2026-08-03 14:48:26,928 | INFO | Crawling: https://fremontunified.org/about/instructional-services/special-education/special-education-staff-contacts
2026-08-03 14:48:28,570 | INFO | Crawling: https://fremontunified.org/about/business-services/technology/technology-staff-contacts
2026-08-03 14:48:29,913 | INFO | Crawling: https://fremontunified.org/about/business-services/transportation/transportation-staff-contacts
2026-08-03 14:48:32,129 | INFO | Crawling: https://fremontunified.org/about/business-services/transportation/elimination-of-home-to-school-transportation-services
2026-08-03 14:48:33,497 | INFO | Crawling: https://fremontunified.org/about/sped-student-support/spedrecordsrequest@fusdk12.net
2026-08-03 14:48:34,966 | ERROR | Failed request: https://fremontunified.org/about/sped-student-support/spedrecordsrequest@fusdk12.net -> Client error '404 Not Found' for url 'https://fremontunified.org/about/sped-student-support/spedrecordsrequest@fusdk12.net'
For more information check: https://developer.mozilla.org/en-US/docs/Web/HTTP/Status/404
2026-08-03 14:48:34,967 | INFO | Crawling: https://fremontunified.org/about/instructional-services/student-support-services/enrollment-registration/intra-district-transfers
2026-08-03 14:48:37,093 | INFO | Crawling: https://fremontunified.org/about/instructional-services/student-support-services/community-liaisons/community-resource-links
2026-08-03 14:48:38,883 | INFO | Crawling: https://fremontunified.org/about/instructional-services/student-support-services/community-liaisons/community-events
2026-08-03 14:48:40,311 | INFO | Crawling: https://fremontunified.org/about/instructional-services/student-support-services/community-liaisons/community-flyers_slides
2026-08-03 14:48:42,013 | INFO | Crawling: https://fremontunified.org/about/departments/instructional-services-overview/student-support-services-dept/families-in-need/wstallworth@fusdk12.net
2026-08-03 14:48:43,698 | ERROR | Failed request: https://fremontunified.org/about/departments/instructional-services-overview/student-support-services-dept/families-in-need/wstallworth@fusdk12.net -> Client error '404 Not Found' for url 'https://fremontunified.org/about/departments/instructional-services-overview/student-support-services-dept/families-in-need/wstallworth@fusdk12.net'
For more information check: https://developer.mozilla.org/en-US/docs/Web/HTTP/Status/404
2026-08-03 14:48:43,699 | INFO | Crawling: https://fremontunified.org/students-community/support/infinite-campus-faqs
2026-08-03 14:48:45,088 | ERROR | Failed request: https://fremontunified.org/students-community/support/infinite-campus-faqs -> Client error '404 Not Found' for url 'https://fremontunified.org/students-community/support/infinite-campus-faqs'
For more information check: https://developer.mozilla.org/en-US/docs/Web/HTTP/Status/404
2026-08-03 14:48:45,088 | INFO | Crawling: https://fremontunified.org/about/instructional-services/student-support-services/enrollment-registration/supplemental-documents
2026-08-03 14:48:46,507 | INFO | Crawling: https://fremontunified.org/about/instructional-services/student-support-services/change-of-residency
2026-08-03 14:48:48,574 | INFO | Crawling: https://fremontunified.org/about/instructional-services/student-support-services/enrollment-registration/inter-district-transfers
2026-08-03 14:48:50,558 | INFO | Crawling: https://fremontunified.org/about/departments/instructional-services-overview/student-support-services-dept/enrollment-registration
2026-08-03 14:48:52,101 | INFO | Crawling: https://fremontunified.org/?page_id=192345
2026-08-03 14:48:53,483 | ERROR | Failed request: https://fremontunified.org/?page_id=192345 -> Client error '404 Not Found' for url 'https://fremontunified.org/?page_id=192345'
For more information check: https://developer.mozilla.org/en-US/docs/Web/HTTP/Status/404
2026-08-03 14:48:53,484 | INFO | Crawling: https://fremontunified.org/about/instructional-services/assessment-accountability/state-assessments/caaspp-ssr
2026-08-03 14:48:55,257 | INFO | Crawling: https://fremontunified.org/?p=197451
2026-08-03 14:48:57,251 | INFO | Crawling: https://fremontunified.org/about/superintendent/notice-of-public-hearings/paged-4/2
2026-08-03 14:48:59,610 | INFO | Crawling: https://fremontunified.org/about/superintendent/notice-of-public-hearings/paged-4/3
2026-08-03 14:49:01,779 | INFO | Crawling: https://fremontunified.org/about/superintendent/notice-of-public-hearings/paged-4/12
2026-08-03 14:49:04,226 | INFO | Crawling: https://fremontunified.org/about/departments/instructional-services-overview
2026-08-03 14:49:05,674 | ERROR | Failed request: https://fremontunified.org/about/departments/instructional-services-overview -> Client error '404 Not Found' for url 'https://fremontunified.org/about/departments/instructional-services-overview'
For more information check: https://developer.mozilla.org/en-US/docs/Web/HTTP/Status/404
2026-08-03 14:49:05,675 | INFO | Crawling: https://fremontunified.org/about/departments/business-services-overview
2026-08-03 14:49:07,054 | ERROR | Failed request: https://fremontunified.org/about/departments/business-services-overview -> Client error '404 Not Found' for url 'https://fremontunified.org/about/departments/business-services-overview'
For more information check: https://developer.mozilla.org/en-US/docs/Web/HTTP/Status/404
2026-08-03 14:49:07,055 | INFO | Crawling: https://fremontunified.org/about/departments/human-resources-overview
2026-08-03 14:49:08,451 | ERROR | Failed request: https://fremontunified.org/about/departments/human-resources-overview -> Client error '404 Not Found' for url 'https://fremontunified.org/about/departments/human-resources-overview'
For more information check: https://developer.mozilla.org/en-US/docs/Web/HTTP/Status/404
2026-08-03 14:49:08,451 | INFO | Crawling: https://fremontunified.org/about/instructional-services/student-support-services/health-services-overview/nurse-contacts-by-site
2026-08-03 14:49:09,939 | INFO | Crawling: https://fremontunified.org/about/instructional-services/student-support-services/section-504-plan
2026-08-03 14:49:11,690 | INFO | Crawling: https://fremontunified.org/about/business-services/facilities-construction/measure-e-bond-overview
2026-08-03 14:49:13,048 | ERROR | Failed request: https://fremontunified.org/about/business-services/facilities-construction/measure-e-bond-overview -> Client error '404 Not Found' for url 'https://fremontunified.org/about/business-services/facilities-construction/measure-e-bond-overview'
For more information check: https://developer.mozilla.org/en-US/docs/Web/HTTP/Status/404
2026-08-03 14:49:13,049 | INFO | Crawling: https://fremontunified.org/about/operations/facilities-construction/new/fusds-bonds/measure-m
2026-08-03 14:49:14,516 | INFO | Crawling: https://fremontunified.org/about/operations/facilities-construction/new/fusds-bonds/measure-e
2026-08-03 14:49:16,589 | INFO | Crawling: https://fremontunified.org/about/operations/facilities-construction/summer-2025-construction-before-after
2026-08-03 14:49:18,576 | INFO | Crawling: https://fremontunified.org/board
2026-08-03 14:49:20,340 | INFO | Crawling: https://fremontunified.org/washington/category/news/paged-3/4
2026-08-03 14:49:22,498 | INFO | Crawling: https://fremontunified.org/washington/category/news/paged-3/5
2026-08-03 14:49:24,543 | INFO | Crawling: https://fremontunified.org/washington/category/news/paged-3/12
2026-08-03 14:49:26,504 | INFO | Crawling: https://fremontunified.org/washington/category/news/paged-3/11
2026-08-03 14:49:28,846 | INFO | Crawling: https://fremontunified.org/washington/news/whs-irvington-and-msjhs-success-deca-international-conference-2025
2026-08-03 14:49:30,152 | INFO | Crawling: https://fremontunified.org/washington/schedule-news/news/paged-3/8
2026-08-03 14:49:32,447 | INFO | Crawling: https://fremontunified.org/washington/schedule-news/news/paged-3/9
2026-08-03 14:49:34,972 | INFO | Crawling: https://fremontunified.org/washington/news/no-school-thanksgiving-break
2026-08-03 14:49:36,623 | INFO | Crawling: https://fremontunified.org/washington/news/11-15-23-shelter-in-place-at-washington-high-school
2026-08-03 14:49:38,110 | INFO | Crawling: https://fremontunified.org/?p=193316
2026-08-03 14:49:39,577 | ERROR | Failed request: https://fremontunified.org/?p=193316 -> Client error '404 Not Found' for url 'https://fremontunified.org/?p=193316'
For more information check: https://developer.mozilla.org/en-US/docs/Web/HTTP/Status/404
2026-08-03 14:49:39,577 | INFO | Crawling: https://fremontunified.org/washington/news/no-school-friday-november-10-2023
2026-08-03 14:49:41,025 | INFO | Crawling: https://fremontunified.org/washington/news/register-now-addressing-the-impact-of-opioids-and-other-drugs-on-youth-our-community
2026-08-03 14:49:42,509 | INFO | Crawling: https://fremontunified.org/washington/news/superintendents-newsletter-october-27-2023
2026-08-03 14:49:43,826 | INFO | Crawling: https://fremontunified.org/washington/schedule-news/news/paged-3/13
2026-08-03 14:49:45,979 | INFO | Crawling: https://fremontunified.org/washington/news/no-school-monday-january-15-2024
2026-08-03 14:49:47,628 | INFO | Crawling: https://fremontunified.org/washington/news/crab-feed-fundraiser-tickets-on-sale-now
2026-08-03 14:49:48,976 | INFO | Crawling: https://fremontunified.org/washington/news/finals-schedule-for-12-20-12-22
2026-08-03 14:49:50,287 | INFO | Crawling: https://fremontunified.org/washington/news/superintendents-newsletter-december-1-2023
2026-08-03 14:49:52,080 | INFO | Crawling: https://fremontunified.org/washington/news/superintendents-newsletter-november-17-2023
2026-08-03 14:49:53,831 | INFO | Crawling: https://fremontunified.org/?p=193340
2026-08-03 14:49:55,313 | ERROR | Failed request: https://fremontunified.org/?p=193340 -> Client error '404 Not Found' for url 'https://fremontunified.org/?p=193340'
For more information check: https://developer.mozilla.org/en-US/docs/Web/HTTP/Status/404
2026-08-03 14:49:55,314 | INFO | Crawling: https://fremontunified.org/washington/schedule-news/news/paged-3/12
2026-08-03 14:49:57,706 | INFO | Crawling: https://fremontunified.org/washington/category/events-archive
2026-08-03 14:49:59,374 | INFO | Crawling: https://fremontunified.org/about/board/paged-4/6
2026-08-03 14:50:01,916 | INFO | Crawling: https://fremontunified.org/about/board/paged-4/7
2026-08-03 14:50:03,993 | INFO | Crawling: https://fremontunified.org/about/board/paged-4/17
2026-08-03 14:50:06,456 | INFO | Crawling: https://fremontunified.org/about/board/paged-4/16
2026-08-03 14:50:09,012 | INFO | Crawling: https://fremontunified.org/about/superintendent/public-information/previous-superintendent
2026-08-03 14:50:10,493 | ERROR | Failed request: https://fremontunified.org/about/superintendent/public-information/previous-superintendent -> Client error '404 Not Found' for url 'https://fremontunified.org/about/superintendent/public-information/previous-superintendent'
For more information check: https://developer.mozilla.org/en-US/docs/Web/HTTP/Status/404
2026-08-03 14:50:10,494 | INFO | Crawling: https://fremontunified.org/students-community/support/infinite-campus-faqs
2026-08-03 14:50:11,827 | ERROR | Failed request: https://fremontunified.org/students-community/support/infinite-campus-faqs -> Client error '404 Not Found' for url 'https://fremontunified.org/students-community/support/infinite-campus-faqs'
For more information check: https://developer.mozilla.org/en-US/docs/Web/HTTP/Status/404
2026-08-03 14:50:11,827 | INFO | Crawling: https://fremontunified.org/about/superintendent/notice-of-public-hearings/paged-4/4
2026-08-03 14:50:13,896 | INFO | Crawling: https://fremontunified.org/about/superintendent/notice-of-public-hearings/paged-4/5
2026-08-03 14:50:15,875 | INFO | Crawling: https://fremontunified.org/about/superintendent/notice-of-public-hearings/paged-4/11
2026-08-03 14:50:18,434 | INFO | Crawling: https://fremontunified.org/about/superintendent/notice-of-public-hearings/paged-4/10
2026-08-03 14:50:20,943 | INFO | Crawling: https://fremontunified.org/washington/category/news/paged-3/6
2026-08-03 14:50:22,819 | INFO | Crawling: https://fremontunified.org/washington/category/news/paged-3/7
2026-08-03 14:50:24,872 | INFO | Crawling: https://fremontunified.org/?p=190519
2026-08-03 14:50:26,619 | ERROR | Failed request: https://fremontunified.org/?p=190519 -> Client error '404 Not Found' for url 'https://fremontunified.org/?p=190519'
For more information check: https://developer.mozilla.org/en-US/docs/Web/HTTP/Status/404
2026-08-03 14:50:26,620 | INFO | Crawling: https://fremontunified.org/washington/category/news/paged-3/10
2026-08-03 14:50:28,694 | INFO | Crawling: https://fremontunified.org/about/instructional-services/secondary-education/college-info-night
2026-08-03 14:50:30,076 | ERROR | Failed request: https://fremontunified.org/about/instructional-services/secondary-education/college-info-night -> Client error '404 Not Found' for url 'https://fremontunified.org/about/instructional-services/secondary-education/college-info-night'
For more information check: https://developer.mozilla.org/en-US/docs/Web/HTTP/Status/404
2026-08-03 14:50:30,076 | INFO | Crawling: https://fremontunified.org/washington/category/news/paged-3/9
2026-08-03 14:50:32,306 | INFO | Crawling: https://fremontunified.org/washington/news/freshman-orientation-slideshow
2026-08-03 14:50:33,682 | INFO | Crawling: https://fremontunified.org/washington/news/whs-huskies-athletics-boosters-crab-feed
2026-08-03 14:50:35,232 | INFO | Crawling: https://fremontunified.org/washington/news/winter-break-december-23-january-3
2026-08-03 14:50:36,858 | INFO | Crawling: https://fremontunified.org/washington/news/finals-week-schedule
2026-08-03 14:50:38,667 | INFO | Crawling: https://fremontunified.org/washington/news/important-psat-information
2026-08-03 14:50:39,875 | INFO | Crawling: https://fremontunified.org/washington/news/parent-teacher-conferences
2026-08-03 14:50:41,489 | INFO | Crawling: https://fremontunified.org/washington/schedule-news/news/paged-3/10
2026-08-03 14:50:43,466 | INFO | Crawling: https://fremontunified.org/washington/news/yearbooks-are-on-sale-now
2026-08-03 14:50:45,031 | INFO | Crawling: https://fremontunified.org/washington/news/make-up-picture-day
2026-08-03 14:50:46,421 | INFO | Crawling: https://fremontunified.org/washington/news/parent-volunteers-needed-for-sat-testing
2026-08-03 14:50:48,225 | INFO | Crawling: https://fremontunified.org/washington/news/sat-update
2026-08-03 14:50:49,793 | INFO | Crawling: https://fremontunified.org/washington/schedule-news/news/paged-3/11
2026-08-03 14:50:52,094 | INFO | Crawling: https://fremontunified.org/?p=194044
2026-08-03 14:50:53,526 | ERROR | Failed request: https://fremontunified.org/?p=194044 -> Client error '404 Not Found' for url 'https://fremontunified.org/?p=194044'
For more information check: https://developer.mozilla.org/en-US/docs/Web/HTTP/Status/404
2026-08-03 14:50:53,526 | INFO | Crawling: https://fremontunified.org/washington/news/2024-2025-school-year-class-registration
2026-08-03 14:50:55,007 | INFO | Crawling: https://fremontunified.org/washington/news/superintendents-newsletter-january-19-2024
2026-08-03 14:50:56,892 | INFO | Crawling: https://fremontunified.org/washington/wp-content/uploads/sites/8/2024/01/Crab-Feed-Flier.pdf
2026-08-03 14:50:57,922 | INFO | Crawling: https://fremontunified.org/?p=195660
2026-08-03 14:50:59,258 | ERROR | Failed request: https://fremontunified.org/?p=195660 -> Client error '404 Not Found' for url 'https://fremontunified.org/?p=195660'
For more information check: https://developer.mozilla.org/en-US/docs/Web/HTTP/Status/404
2026-08-03 14:50:59,258 | INFO | Crawling: https://fremontunified.org/washington/category/events-archive/paged-3/2
2026-08-03 14:51:01,418 | INFO | Crawling: https://fremontunified.org/washington/category/events-archive/paged-3/3
2026-08-03 14:51:03,561 | INFO | Crawling: https://fremontunified.org/washington/category/events-archive/paged-3/5
2026-08-03 14:51:05,321 | INFO | Crawling: https://fremontunified.org/about/board/paged-4/8
2026-08-03 14:51:07,603 | INFO | Crawling: https://fremontunified.org/about/board/paged-4/9
2026-08-03 14:51:09,693 | INFO | Crawling: https://fremontunified.org/about/board/paged-4/15
2026-08-03 14:51:12,077 | INFO | Crawling: https://fremontunified.org/about/board/paged-4/14
2026-08-03 14:51:15,099 | INFO | Crawling: https://fremontunified.org/students-community/support/infinite-campus-faqs
2026-08-03 14:51:16,800 | ERROR | Failed request: https://fremontunified.org/students-community/support/infinite-campus-faqs -> Client error '404 Not Found' for url 'https://fremontunified.org/students-community/support/infinite-campus-faqs'
For more information check: https://developer.mozilla.org/en-US/docs/Web/HTTP/Status/404
2026-08-03 14:51:16,801 | INFO | Crawling: https://fremontunified.org/about/superintendent/notice-of-public-hearings/paged-4/6
2026-08-03 14:51:18,686 | INFO | Crawling: https://fremontunified.org/about/superintendent/notice-of-public-hearings/paged-4/7
2026-08-03 14:51:20,852 | INFO | Crawling: https://fremontunified.org/about/superintendent/notice-of-public-hearings/paged-4/9
2026-08-03 14:51:23,359 | INFO | Crawling: https://fremontunified.org/about/superintendent/notice-of-public-hearings/paged-4/8
2026-08-03 14:51:25,740 | INFO | Crawling: https://fremontunified.org/washington/category/news/paged-3/8
2026-08-03 14:51:27,650 | INFO | Crawling: https://fremontunified.org/washington/news/back-to-school-night-august-29th-600pm-800pm
2026-08-03 14:51:29,087 | INFO | Crawling: https://fremontunified.org/?p=193340
2026-08-03 14:51:30,389 | ERROR | Failed request: https://fremontunified.org/?p=193340 -> Client error '404 Not Found' for url 'https://fremontunified.org/?p=193340'
For more information check: https://developer.mozilla.org/en-US/docs/Web/HTTP/Status/404
2026-08-03 14:51:30,390 | INFO | Crawling: https://fremontunified.org/washington/news/order-your-childs-school-pictures-now
2026-08-03 14:51:32,229 | INFO | Crawling: https://fremontunified.org/washington/news/mandatory-classlink-password-reset
2026-08-03 14:51:33,706 | INFO | Crawling: https://fremontunified.org/washington/news/heaven-a-modern-melodrama
2026-08-03 14:51:35,293 | INFO | Crawling: https://fremontunified.org/washington/news/191566
2026-08-03 14:51:36,732 | INFO | Crawling: https://fremontunified.org/washington/news/whs-maze-days-2024-25
2026-08-03 14:51:38,217 | INFO | Crawling: https://fremontunified.org/washington/category/events-archive/paged-3/4
2026-08-03 14:51:40,256 | INFO | Crawling: https://fremontunified.org/about/instructional-services/secondary-education/college-info-night
2026-08-03 14:51:41,735 | ERROR | Failed request: https://fremontunified.org/about/instructional-services/secondary-education/college-info-night -> Client error '404 Not Found' for url 'https://fremontunified.org/about/instructional-services/secondary-education/college-info-night'
For more information check: https://developer.mozilla.org/en-US/docs/Web/HTTP/Status/404
2026-08-03 14:51:41,736 | INFO | Crawling: https://fremontunified.org/about/board/paged-4/10
2026-08-03 14:51:44,249 | INFO | Crawling: https://fremontunified.org/about/board/paged-4/11
2026-08-03 14:51:46,355 | INFO | Crawling: https://fremontunified.org/about/board/paged-4/13
2026-08-03 14:51:48,842 | INFO | Crawling: https://fremontunified.org/about/board/paged-4/12
2026-08-03 14:51:51,127 | INFO | Crawling: https://fremontunified.org/students-community/support/infinite-campus-faqs
2026-08-03 14:51:52,553 | ERROR | Failed request: https://fremontunified.org/students-community/support/infinite-campus-faqs -> Client error '404 Not Found' for url 'https://fremontunified.org/students-community/support/infinite-campus-faqs'
For more information check: https://developer.mozilla.org/en-US/docs/Web/HTTP/Status/404
2026-08-03 14:51:52,553 | INFO | Crawling: https://fremontunified.org/washington/wp-content/uploads/sites/8/2024/06/Senior-Portrait-Appointments-2025.pdf
2026-08-03 14:51:53,920 | INFO | Parsing page: https://fremontunified.org/about/human-resources/employee-resources/certificated-staff-management-employment-overview
2026-08-03 14:51:55,500 | INFO | Cleaning text
2026-08-03 14:51:55,501 | INFO | Cleaning complete
2026-08-03 14:51:55,502 | INFO | 🔍 Analyzed https://fremontunified.org/about/human-resources/employee-resources/certificated-staff-management-employment-overview: years=[], current=False, score=0.50
2026-08-03 14:51:55,505 | INFO | 💾 Saved html chunk: https://fremontunified.org/about/human-resources/employee-resources/certificated-staff-management-employment-overview (recency: 0.50, role: contact_info)
2026-08-03 14:51:55,505 | ERROR | Pipeline crashed: (sqlite3.IntegrityError) UNIQUE constraint failed: pages.url
[SQL: INSERT INTO pages (url, content, type, created_at, school_year, recency_score, is_current_year, last_updated) VALUES (?, ?, ?, ?, ?, ?, ?, ?)]
[parameters: ('https://fremontunified.org/about/human-resources/employee-resources/certificated-staff-management-employment-overview', '(2025 pdf)\nCertificated Management openings and applications\nSummer School & Extended School Year\n(Internal FUSD Applicants sign in required)\nCer ... (296 characters truncated) ... and Hiring Guide for Applicants\nEDJOIN is a premier Educators Job Opportunity Information Network\nEdJoin User Guide\n\n---\nMETADATA: schedule_info', 'html', '2026-08-03 21:51:55.505730', None, 0.5, 0, '2026-08-03 21:51:55.505510')]
(Background on this error at: https://sqlalche.me/e/20/gkpj)
